stream_offset,command,register_offset,absolute_address,value,outside_linux_0x4000_mapping
0x0000,REG_CONT,0x004b60,0x0ac75b60,0x00000001,1
0x000c,REG_CONT,0x004b68,0x0ac75b68,0x06600000,1
0x000c,REG_CONT,0x004b6c,0x0ac75b6c,0x00000834,1
0x000c,REG_CONT,0x004b70,0x0ac75b70,0x00000000,1
0x000c,REG_CONT,0x004b74,0x0ac75b74,0x00000000,1
0x000c,REG_CONT,0x004b78,0x0ac75b78,0x00000000,1
0x000c,REG_CONT,0x004b7c,0x0ac75b7c,0x00000000,1
0x002c,REG_CONT,0x003b60,0x0ac74b60,0x00100001,0
0x0038,REG_CONT,0x003b68,0x0ac74b68,0x000000c9,0
0x0038,REG_CONT,0x003b6c,0x0ac74b6c,0x000000ac,0
0x0038,REG_CONT,0x003b70,0x0ac74b70,0x04270427,0
0x0038,REG_CONT,0x003b74,0x0ac74b74,0x04280427,0
0x0038,REG_CONT,0x003b78,0x0ac74b78,0x0fa40000,0
0x0038,REG_CONT,0x003b7c,0x0ac74b7c,0x0fa00000,0
0x0038,REG_CONT,0x003b80,0x0ac74b80,0x0fb00000,0
0x0038,REG_CONT,0x003b84,0x0ac74b84,0x0fc80000,0
0x0038,REG_CONT,0x003b88,0x0ac74b88,0x06600000,0
0x0038,REG_CONT,0x003b8c,0x0ac74b8c,0x06600000,0
0x0038,REG_CONT,0x003b90,0x0ac74b90,0x06600000,0
0x0038,REG_CONT,0x003b94,0x0ac74b94,0x06600000,0
0x0070,REG_CONT,0x003d58,0x0ac74d58,0x00000000,0
0x0070,REG_CONT,0x003d5c,0x0ac74d5c,0x00000000,0
0x0070,REG_CONT,0x003d60,0x0ac74d60,0x00000203,0
0x0084,REG_CONT,0x003d68,0x0ac74d68,0x06600000,0
0x0090,REG_CONT,0x003d70,0x0ac74d70,0x00006020,0
0x009c,REG_CONT,0x003d78,0x0ac74d78,0x00001c37,0
0x009c,REG_CONT,0x003d7c,0x0ac74d7c,0x00001fc7,0
0x009c,REG_CONT,0x003d80,0x0ac74d80,0x00000913,0
0x009c,REG_CONT,0x003d84,0x0ac74d84,0x0000080e,0
0x009c,REG_CONT,0x003d88,0x0ac74d88,0x00000000,0
0x009c,REG_CONT,0x003d8c,0x0ac74d8c,0x08700f00,0
0x00bc,REG_CONT,0x003db4,0x0ac74db4,0x00000000,0
0x00bc,REG_CONT,0x003db8,0x0ac74db8,0x00800080,0
0x00cc,REG_CONT,0x003dd4,0x0ac74dd4,0x1f400000,0
0x00cc,REG_CONT,0x003dd8,0x0ac74dd8,0x00500000,0
0x00e8,REG_CONT,0x004358,0x0ac75358,0x00000000,1
0x00e8,REG_CONT,0x00435c,0x0ac7535c,0x00000000,1
0x00e8,REG_CONT,0x004360,0x0ac75360,0x30003001,1
0x00fc,REG_CONT,0x004368,0x0ac75368,0x000000bf,1
0x00fc,REG_CONT,0x00436c,0x0ac7536c,0x005f0077,1
0x00fc,REG_CONT,0x004370,0x0ac75370,0x1111100e,1
0x00fc,REG_CONT,0x004374,0x0ac75374,0x1555500b,1
0x00fc,REG_CONT,0x004378,0x0ac75378,0x00000000,1
0x00fc,REG_CONT,0x00437c,0x0ac7537c,0x06600000,1
0x00fc,REG_CONT,0x004380,0x0ac75380,0x00000000,1
0x00fc,REG_CONT,0x004384,0x0ac75384,0x04000000,1
0x00fc,REG_CONT,0x004388,0x0ac75388,0x00000040,1
0x00fc,REG_CONT,0x00438c,0x0ac7538c,0x00000000,1
0x00fc,REG_CONT,0x004390,0x0ac75390,0x00000000,1
0x00fc,REG_CONT,0x004394,0x0ac75394,0x06600000,1
0x00fc,REG_CONT,0x004398,0x0ac75398,0x10000000,1
0x015c,REG_CONT,0x004568,0x0ac75568,0x08000000,1
0x015c,REG_CONT,0x00456c,0x0ac7556c,0x0fe40000,1
0x015c,REG_CONT,0x004570,0x0ac75570,0x0e1c0000,1
0x015c,REG_CONT,0x004574,0x0ac75574,0x06600000,1
0x015c,REG_CONT,0x004578,0x0ac75578,0x06600000,1
0x015c,REG_CONT,0x00457c,0x0ac7557c,0x06600000,1
0x015c,REG_CONT,0x004580,0x0ac75580,0x06600000,1
0x015c,REG_CONT,0x004584,0x0ac75584,0x06600000,1
0x015c,REG_CONT,0x004588,0x0ac75588,0x06600000,1
0x015c,REG_CONT,0x00458c,0x0ac7558c,0x00101010,1
0x015c,REG_CONT,0x004590,0x0ac75590,0x7fffe000,1
0x015c,REG_CONT,0x004594,0x0ac75594,0x0000030c,1
0x0194,REG_CONT,0x004560,0x0ac75560,0x00000001,1
0x01a0,REG_CONT,0x004758,0x0ac75758,0x00000000,1
0x01a0,REG_CONT,0x00475c,0x0ac7575c,0x00000000,1
0x01a0,REG_CONT,0x004760,0x0ac75760,0x00000203,1
0x01b4,REG_CONT,0x004770,0x0ac75770,0x0040009a,1
0x01b4,REG_CONT,0x004774,0x0ac75774,0x00001900,1
0x01d0,REG_CONT,0x004968,0x0ac75968,0x00000004,1
0x01d0,REG_CONT,0x00496c,0x0ac7596c,0x00000001,1
0x01e0,REG_CONT,0x004980,0x0ac75980,0x00140000,1
0x01e0,REG_CONT,0x004984,0x0ac75984,0x00140000,1
0x01e0,REG_CONT,0x004988,0x0ac75988,0x003c0044,1
0x01e0,REG_CONT,0x00498c,0x0ac7598c,0x00500000,1
0x01f8,REG_CONT,0x0049a0,0x0ac759a0,0x03031010,1
0x01f8,REG_CONT,0x0049a4,0x0ac759a4,0x19800000,1
0x01f8,REG_CONT,0x0049a8,0x0ac759a8,0x10000000,1
0x01f8,REG_CONT,0x0049ac,0x0ac759ac,0x01230123,1
0x01f8,REG_CONT,0x0049b0,0x0ac759b0,0x00000000,1
0x01f8,REG_CONT,0x0049b4,0x0ac759b4,0x00a00040,1
0x01f8,REG_CONT,0x0049b8,0x0ac759b8,0xa09a0000,1
0x01f8,REG_CONT,0x0049bc,0x0ac759bc,0xa09a0000,1
0x0220,REG_CONT,0x0049c8,0x0ac759c8,0x028f0000,1
0x0220,REG_CONT,0x0049cc,0x0ac759cc,0x0a3c05c2,1
0x0220,REG_CONT,0x0049d0,0x0ac759d0,0xffffffff,1
0x0220,REG_CONT,0x0049d4,0x0ac759d4,0xffffffff,1
0x0220,REG_CONT,0x0049d8,0x0ac759d8,0xb1e4a0c8,1
0x0220,REG_CONT,0x0049dc,0x0ac759dc,0xb1e4a0c8,1
0x0220,REG_CONT,0x0049e0,0x0ac759e0,0xffffffff,1
0x0220,REG_CONT,0x0049e4,0x0ac759e4,0x3db838e8,1
0x0220,REG_CONT,0x0049e8,0x0ac759e8,0x90378680,1
0x024c,REG_CONT,0x004958,0x0ac75958,0x00000000,1
0x024c,REG_CONT,0x00495c,0x0ac7595c,0x00000000,1
0x024c,REG_CONT,0x004960,0x0ac75960,0x00000301,1
0x026c,REG_CONT,0x005660,0x0ac76660,0x00004001,1
0x0278,REG_CONT,0x005668,0x0ac76668,0x00000000,1
0x0278,REG_CONT,0x00566c,0x0ac7666c,0x00000080,1
0x0278,REG_CONT,0x005670,0x0ac76670,0x01000000,1
0x0278,REG_CONT,0x005674,0x0ac76674,0x00000066,1
0x0290,REG_CONT,0x005a58,0x0ac76a58,0x00000000,1
0x0290,REG_CONT,0x005a5c,0x0ac76a5c,0x00000000,1
0x0290,REG_CONT,0x005a60,0x0ac76a60,0x00000001,1
0x0290,REG_CONT,0x005a64,0x0ac76a64,0x00000010,1
0x0290,REG_CONT,0x005a68,0x0ac76a68,0x00000020,1
0x0290,REG_CONT,0x005a6c,0x0ac76a6c,0x00000010,1
0x0290,REG_CONT,0x005a70,0x0ac76a70,0x00000000,1
0x0290,REG_CONT,0x005a74,0x0ac76a74,0x00000000,1
0x0290,REG_CONT,0x005a78,0x0ac76a78,0x00000001,1
0x0290,REG_CONT,0x005a7c,0x0ac76a7c,0x00000001,1
0x0290,REG_CONT,0x005a80,0x0ac76a80,0x00000001,1
0x0290,REG_CONT,0x005a84,0x0ac76a84,0x00000002,1
0x0290,REG_CONT,0x005a88,0x0ac76a88,0x00000003,1
0x0290,REG_CONT,0x005a8c,0x0ac76a8c,0x00000004,1
0x0290,REG_CONT,0x005a90,0x0ac76a90,0x00000005,1
0x0290,REG_CONT,0x005a94,0x0ac76a94,0x00000007,1
0x0290,REG_CONT,0x005a98,0x0ac76a98,0x00000008,1
0x0290,REG_CONT,0x005a9c,0x0ac76a9c,0x0000000a,1
0x0290,REG_CONT,0x005aa0,0x0ac76aa0,0x0000000c,1
0x0290,REG_CONT,0x005aa4,0x0ac76aa4,0x0000000f,1
0x0290,REG_CONT,0x005aa8,0x0ac76aa8,0x00000011,1
0x0290,REG_CONT,0x005aac,0x0ac76aac,0x00000014,1
0x0290,REG_CONT,0x005ab0,0x0ac76ab0,0x00000016,1
0x0290,REG_CONT,0x005ab4,0x0ac76ab4,0x00000019,1
0x0290,REG_CONT,0x005ab8,0x0ac76ab8,0x0000001c,1
0x0290,REG_CONT,0x005abc,0x0ac76abc,0x00000020,1
0x0290,REG_CONT,0x005ac0,0x0ac76ac0,0x00000023,1
0x0290,REG_CONT,0x005ac4,0x0ac76ac4,0x00000027,1
0x0290,REG_CONT,0x005ac8,0x0ac76ac8,0x0000002a,1
0x0290,REG_CONT,0x005acc,0x0ac76acc,0x0000002e,1
0x0290,REG_CONT,0x005ad0,0x0ac76ad0,0x00000032,1
0x0290,REG_CONT,0x005ad4,0x0ac76ad4,0x00000036,1
0x0290,REG_CONT,0x005ad8,0x0ac76ad8,0x0000003b,1
0x0290,REG_CONT,0x005adc,0x0ac76adc,0x0000003f,1
0x0290,REG_CONT,0x005ae0,0x0ac76ae0,0x00000044,1
0x0290,REG_CONT,0x005ae4,0x0ac76ae4,0x00000048,1
0x0290,REG_CONT,0x005ae8,0x0ac76ae8,0x0000004d,1
0x0290,REG_CONT,0x005aec,0x0ac76aec,0x00000052,1
0x0290,REG_CONT,0x005af0,0x0ac76af0,0x00000057,1
0x0290,REG_CONT,0x005af4,0x0ac76af4,0x0000005c,1
0x0290,REG_CONT,0x005af8,0x0ac76af8,0x00000062,1
0x0290,REG_CONT,0x005afc,0x0ac76afc,0x00000067,1
0x0290,REG_CONT,0x005b00,0x0ac76b00,0x0000006d,1
0x0290,REG_CONT,0x005b04,0x0ac76b04,0x00000073,1
0x0290,REG_CONT,0x005b08,0x0ac76b08,0x00000078,1
0x0290,REG_CONT,0x005b0c,0x0ac76b0c,0x0000007e,1
0x0290,REG_CONT,0x005b10,0x0ac76b10,0x00000085,1
0x0290,REG_CONT,0x005b14,0x0ac76b14,0x0000008b,1
0x0290,REG_CONT,0x005b18,0x0ac76b18,0x00000091,1
0x0290,REG_CONT,0x005b1c,0x0ac76b1c,0x00000098,1
0x0290,REG_CONT,0x005b20,0x0ac76b20,0x0000009e,1
0x0290,REG_CONT,0x005b24,0x0ac76b24,0x000000a5,1
0x0290,REG_CONT,0x005b28,0x0ac76b28,0x000000ac,1
0x0290,REG_CONT,0x005b2c,0x0ac76b2c,0x000000b3,1
0x0290,REG_CONT,0x005b30,0x0ac76b30,0x000000ba,1
0x0290,REG_CONT,0x005b34,0x0ac76b34,0x000000c1,1
0x0290,REG_CONT,0x005b38,0x0ac76b38,0x000000c9,1
0x0290,REG_CONT,0x005b3c,0x0ac76b3c,0x000000d0,1
0x0290,REG_CONT,0x005b40,0x0ac76b40,0x000000d8,1
0x0290,REG_CONT,0x005b44,0x0ac76b44,0x000000e0,1
0x0290,REG_CONT,0x005b48,0x0ac76b48,0x000000e7,1
0x0290,REG_CONT,0x005b4c,0x0ac76b4c,0x000000ef,1
0x0290,REG_CONT,0x005b50,0x0ac76b50,0x000000f8,1
0x0290,REG_CONT,0x005b54,0x0ac76b54,0x00000100,1
0x0290,REG_CONT,0x005b58,0x0ac76b58,0x00000108,1
0x0290,REG_CONT,0x005b5c,0x0ac76b5c,0x00000111,1
0x0290,REG_CONT,0x005b60,0x0ac76b60,0x00000119,1
0x0290,REG_CONT,0x005b64,0x0ac76b64,0x00000122,1
0x0290,REG_CONT,0x005b68,0x0ac76b68,0x0000012b,1
0x0290,REG_CONT,0x005b6c,0x0ac76b6c,0x00000134,1
0x0290,REG_CONT,0x005b70,0x0ac76b70,0x0000013d,1
0x0290,REG_CONT,0x005b74,0x0ac76b74,0x00000147,1
0x0290,REG_CONT,0x005b78,0x0ac76b78,0x00000150,1
0x0290,REG_CONT,0x005b7c,0x0ac76b7c,0x0000015a,1
0x0290,REG_CONT,0x005b80,0x0ac76b80,0x00000164,1
0x0290,REG_CONT,0x005b84,0x0ac76b84,0x0000016e,1
0x0290,REG_CONT,0x005b88,0x0ac76b88,0x00000178,1
0x0290,REG_CONT,0x005b8c,0x0ac76b8c,0x00000182,1
0x0290,REG_CONT,0x005b90,0x0ac76b90,0x0000018c,1
0x0290,REG_CONT,0x005b94,0x0ac76b94,0x00000197,1
0x0290,REG_CONT,0x005b98,0x0ac76b98,0x000001a1,1
0x0290,REG_CONT,0x005b9c,0x0ac76b9c,0x000001ac,1
0x0290,REG_CONT,0x005ba0,0x0ac76ba0,0x000001b7,1
0x0290,REG_CONT,0x005ba4,0x0ac76ba4,0x000001c2,1
0x0290,REG_CONT,0x005ba8,0x0ac76ba8,0x000001ce,1
0x0290,REG_CONT,0x005bac,0x0ac76bac,0x000001d9,1
0x0290,REG_CONT,0x005bb0,0x0ac76bb0,0x000001e5,1
0x0290,REG_CONT,0x005bb4,0x0ac76bb4,0x000001f0,1
0x0290,REG_CONT,0x005bb8,0x0ac76bb8,0x000001fc,1
0x0290,REG_CONT,0x005bbc,0x0ac76bbc,0x00000208,1
0x0290,REG_CONT,0x005bc0,0x0ac76bc0,0x00000215,1
0x0290,REG_CONT,0x005bc4,0x0ac76bc4,0x00000221,1
0x0290,REG_CONT,0x005bc8,0x0ac76bc8,0x0000022e,1
0x0290,REG_CONT,0x005bcc,0x0ac76bcc,0x0000023b,1
0x0290,REG_CONT,0x005bd0,0x0ac76bd0,0x00000248,1
0x0290,REG_CONT,0x005bd4,0x0ac76bd4,0x00000255,1
0x0290,REG_CONT,0x005bd8,0x0ac76bd8,0x00000262,1
0x0290,REG_CONT,0x005bdc,0x0ac76bdc,0x00000270,1
0x0290,REG_CONT,0x005be0,0x0ac76be0,0x0000027e,1
0x0290,REG_CONT,0x005be4,0x0ac76be4,0x0000028c,1
0x0290,REG_CONT,0x005be8,0x0ac76be8,0x0000029a,1
0x0290,REG_CONT,0x005bec,0x0ac76bec,0x000002a8,1
0x0290,REG_CONT,0x005bf0,0x0ac76bf0,0x000002b7,1
0x0290,REG_CONT,0x005bf4,0x0ac76bf4,0x000002c6,1
0x0290,REG_CONT,0x005bf8,0x0ac76bf8,0x000002d5,1
0x0290,REG_CONT,0x005bfc,0x0ac76bfc,0x000002e4,1
0x0290,REG_CONT,0x005c00,0x0ac76c00,0x000002f4,1
0x0290,REG_CONT,0x005c04,0x0ac76c04,0x00000303,1
0x0290,REG_CONT,0x005c08,0x0ac76c08,0x00000313,1
0x0290,REG_CONT,0x005c0c,0x0ac76c0c,0x00000324,1
0x0290,REG_CONT,0x005c10,0x0ac76c10,0x00000334,1
0x0290,REG_CONT,0x005c14,0x0ac76c14,0x00000345,1
0x0290,REG_CONT,0x005c18,0x0ac76c18,0x00000356,1
0x0290,REG_CONT,0x005c1c,0x0ac76c1c,0x00000367,1
0x0290,REG_CONT,0x005c20,0x0ac76c20,0x00000379,1
0x0290,REG_CONT,0x005c24,0x0ac76c24,0x0000038a,1
0x0290,REG_CONT,0x005c28,0x0ac76c28,0x0000039c,1
0x0290,REG_CONT,0x005c2c,0x0ac76c2c,0x000003af,1
0x0290,REG_CONT,0x005c30,0x0ac76c30,0x000003c1,1
0x0290,REG_CONT,0x005c34,0x0ac76c34,0x000003d4,1
0x0290,REG_CONT,0x005c38,0x0ac76c38,0x000003e7,1
0x0290,REG_CONT,0x005c3c,0x0ac76c3c,0x000003fb,1
0x0290,REG_CONT,0x005c40,0x0ac76c40,0x0000040f,1
0x0290,REG_CONT,0x005c44,0x0ac76c44,0x00000423,1
0x0290,REG_CONT,0x005c48,0x0ac76c48,0x00000437,1
0x0290,REG_CONT,0x005c4c,0x0ac76c4c,0x0000044c,1
0x0290,REG_CONT,0x005c50,0x0ac76c50,0x00000461,1
0x0290,REG_CONT,0x005c54,0x0ac76c54,0x00000476,1
0x0290,REG_CONT,0x005c58,0x0ac76c58,0x0000048c,1
0x0290,REG_CONT,0x005c5c,0x0ac76c5c,0x000004a2,1
0x0290,REG_CONT,0x005c60,0x0ac76c60,0x000004b8,1
0x0290,REG_CONT,0x005c64,0x0ac76c64,0x000004cf,1
0x0290,REG_CONT,0x005c68,0x0ac76c68,0x000004e7,1
0x0290,REG_CONT,0x005c6c,0x0ac76c6c,0x000004fe,1
0x0290,REG_CONT,0x005c70,0x0ac76c70,0x00000516,1
0x0290,REG_CONT,0x005c74,0x0ac76c74,0x0000052e,1
0x0290,REG_CONT,0x005c78,0x0ac76c78,0x00000547,1
0x0290,REG_CONT,0x005c7c,0x0ac76c7c,0x00000560,1
0x0290,REG_CONT,0x005c80,0x0ac76c80,0x0000057a,1
0x0290,REG_CONT,0x005c84,0x0ac76c84,0x00000594,1
0x0290,REG_CONT,0x005c88,0x0ac76c88,0x000005ae,1
0x0290,REG_CONT,0x005c8c,0x0ac76c8c,0x000005c9,1
0x0290,REG_CONT,0x005c90,0x0ac76c90,0x000005e5,1
0x0290,REG_CONT,0x005c94,0x0ac76c94,0x00000600,1
0x0290,REG_CONT,0x005c98,0x0ac76c98,0x0000061d,1
0x0290,REG_CONT,0x005c9c,0x0ac76c9c,0x0000063a,1
0x0290,REG_CONT,0x005ca0,0x0ac76ca0,0x00000657,1
0x0290,REG_CONT,0x005ca4,0x0ac76ca4,0x00000675,1
0x0290,REG_CONT,0x005ca8,0x0ac76ca8,0x00000693,1
0x0290,REG_CONT,0x005cac,0x0ac76cac,0x000006b2,1
0x0290,REG_CONT,0x005cb0,0x0ac76cb0,0x000006d1,1
0x0290,REG_CONT,0x005cb4,0x0ac76cb4,0x000006f1,1
0x0290,REG_CONT,0x005cb8,0x0ac76cb8,0x00000712,1
0x0290,REG_CONT,0x005cbc,0x0ac76cbc,0x00000733,1
0x0290,REG_CONT,0x005cc0,0x0ac76cc0,0x00000754,1
0x0290,REG_CONT,0x005cc4,0x0ac76cc4,0x00000777,1
0x0290,REG_CONT,0x005cc8,0x0ac76cc8,0x0000079a,1
0x0290,REG_CONT,0x005ccc,0x0ac76ccc,0x000007bd,1
0x0290,REG_CONT,0x005cd0,0x0ac76cd0,0x000007e1,1
0x0290,REG_CONT,0x005cd4,0x0ac76cd4,0x00000806,1
0x0290,REG_CONT,0x005cd8,0x0ac76cd8,0x0000082c,1
0x0290,REG_CONT,0x005cdc,0x0ac76cdc,0x00000852,1
0x0290,REG_CONT,0x005ce0,0x0ac76ce0,0x00000879,1
0x0290,REG_CONT,0x005ce4,0x0ac76ce4,0x000008a0,1
0x0290,REG_CONT,0x005ce8,0x0ac76ce8,0x000008c9,1
0x0290,REG_CONT,0x005cec,0x0ac76cec,0x000008f2,1
0x0290,REG_CONT,0x005cf0,0x0ac76cf0,0x0000091c,1
0x0290,REG_CONT,0x005cf4,0x0ac76cf4,0x00000946,1
0x0290,REG_CONT,0x005cf8,0x0ac76cf8,0x00000972,1
0x0290,REG_CONT,0x005cfc,0x0ac76cfc,0x0000099e,1
0x0290,REG_CONT,0x005d00,0x0ac76d00,0x000009cb,1
0x0290,REG_CONT,0x005d04,0x0ac76d04,0x000009f9,1
0x0290,REG_CONT,0x005d08,0x0ac76d08,0x00000a28,1
0x0290,REG_CONT,0x005d0c,0x0ac76d0c,0x00000a58,1
0x0290,REG_CONT,0x005d10,0x0ac76d10,0x00000a89,1
0x0290,REG_CONT,0x005d14,0x0ac76d14,0x00000aba,1
0x0290,REG_CONT,0x005d18,0x0ac76d18,0x00000aed,1
0x0290,REG_CONT,0x005d1c,0x0ac76d1c,0x00000b20,1
0x0290,REG_CONT,0x005d20,0x0ac76d20,0x00000b55,1
0x0290,REG_CONT,0x005d24,0x0ac76d24,0x00000b8b,1
0x0290,REG_CONT,0x005d28,0x0ac76d28,0x00000bc2,1
0x0290,REG_CONT,0x005d2c,0x0ac76d2c,0x00000bf9,1
0x0290,REG_CONT,0x005d30,0x0ac76d30,0x00000c32,1
0x0290,REG_CONT,0x005d34,0x0ac76d34,0x00000c6c,1
0x0290,REG_CONT,0x005d38,0x0ac76d38,0x00000ca8,1
0x0290,REG_CONT,0x005d3c,0x0ac76d3c,0x00000ce4,1
0x0290,REG_CONT,0x005d40,0x0ac76d40,0x00000d22,1
0x0290,REG_CONT,0x005d44,0x0ac76d44,0x00000d61,1
0x0290,REG_CONT,0x005d48,0x0ac76d48,0x00000da1,1
0x0290,REG_CONT,0x005d4c,0x0ac76d4c,0x00000de3,1
0x0290,REG_CONT,0x005d50,0x0ac76d50,0x00000e26,1
0x0290,REG_CONT,0x005d54,0x0ac76d54,0x00000e6a,1
0x0290,REG_CONT,0x005d58,0x0ac76d58,0x00000eb0,1
0x0290,REG_CONT,0x005d5c,0x0ac76d5c,0x00000ef7,1
0x0290,REG_CONT,0x005d60,0x0ac76d60,0x00000f40,1
0x0290,REG_CONT,0x005d64,0x0ac76d64,0x00000f8a,1
0x0290,REG_CONT,0x005d68,0x0ac76d68,0x00000fd6,1
0x0290,REG_CONT,0x005d6c,0x0ac76d6c,0x00001023,1
0x0290,REG_CONT,0x005d70,0x0ac76d70,0x00001072,1
0x0290,REG_CONT,0x005d74,0x0ac76d74,0x000010c3,1
0x0290,REG_CONT,0x005d78,0x0ac76d78,0x00001115,1
0x0290,REG_CONT,0x005d7c,0x0ac76d7c,0x0000116a,1
0x0290,REG_CONT,0x005d80,0x0ac76d80,0x000011c0,1
0x0290,REG_CONT,0x005d84,0x0ac76d84,0x00001218,1
0x0290,REG_CONT,0x005d88,0x0ac76d88,0x00001272,1
0x0290,REG_CONT,0x005d8c,0x0ac76d8c,0x000012ce,1
0x0290,REG_CONT,0x005d90,0x0ac76d90,0x0000132b,1
0x0290,REG_CONT,0x005d94,0x0ac76d94,0x0000138b,1
0x0290,REG_CONT,0x005d98,0x0ac76d98,0x000013ee,1
0x0290,REG_CONT,0x005d9c,0x0ac76d9c,0x00001452,1
0x0290,REG_CONT,0x005da0,0x0ac76da0,0x000014b8,1
0x0290,REG_CONT,0x005da4,0x0ac76da4,0x00001521,1
0x0290,REG_CONT,0x005da8,0x0ac76da8,0x0000158c,1
0x0290,REG_CONT,0x005dac,0x0ac76dac,0x000015fa,1
0x0290,REG_CONT,0x005db0,0x0ac76db0,0x0000166a,1
0x0290,REG_CONT,0x005db4,0x0ac76db4,0x000016dd,1
0x0290,REG_CONT,0x005db8,0x0ac76db8,0x00001752,1
0x0290,REG_CONT,0x005dbc,0x0ac76dbc,0x000017ca,1
0x0290,REG_CONT,0x005dc0,0x0ac76dc0,0x00001845,1
0x0290,REG_CONT,0x005dc4,0x0ac76dc4,0x000018c2,1
0x0290,REG_CONT,0x005dc8,0x0ac76dc8,0x00001943,1
0x0290,REG_CONT,0x005dcc,0x0ac76dcc,0x000019c6,1
0x0290,REG_CONT,0x005dd0,0x0ac76dd0,0x00001a4d,1
0x0290,REG_CONT,0x005dd4,0x0ac76dd4,0x00001ad7,1
0x0290,REG_CONT,0x005dd8,0x0ac76dd8,0x00001b64,1
0x0290,REG_CONT,0x005ddc,0x0ac76ddc,0x00001bf4,1
0x0290,REG_CONT,0x005de0,0x0ac76de0,0x00001c88,1
0x0290,REG_CONT,0x005de4,0x0ac76de4,0x00001d1f,1
0x0290,REG_CONT,0x005de8,0x0ac76de8,0x00001dba,1
0x0290,REG_CONT,0x005dec,0x0ac76dec,0x00001e59,1
0x0290,REG_CONT,0x005df0,0x0ac76df0,0x00001efb,1
0x0290,REG_CONT,0x005df4,0x0ac76df4,0x00001fa2,1
0x0290,REG_CONT,0x005df8,0x0ac76df8,0x0000204c,1
0x0290,REG_CONT,0x005dfc,0x0ac76dfc,0x000020fb,1
0x0290,REG_CONT,0x005e00,0x0ac76e00,0x000021ae,1
0x0290,REG_CONT,0x005e04,0x0ac76e04,0x00002265,1
0x0290,REG_CONT,0x005e08,0x0ac76e08,0x00002321,1
0x0290,REG_CONT,0x005e0c,0x0ac76e0c,0x000023e2,1
0x0290,REG_CONT,0x005e10,0x0ac76e10,0x000024a7,1
0x0290,REG_CONT,0x005e14,0x0ac76e14,0x00002572,1
0x0290,REG_CONT,0x005e18,0x0ac76e18,0x00002641,1
0x0290,REG_CONT,0x005e1c,0x0ac76e1c,0x00002716,1
0x0290,REG_CONT,0x005e20,0x0ac76e20,0x000027f0,1
0x0290,REG_CONT,0x005e24,0x0ac76e24,0x000028d0,1
0x0290,REG_CONT,0x005e28,0x0ac76e28,0x000029b5,1
0x0290,REG_CONT,0x005e2c,0x0ac76e2c,0x00002aa0,1
0x0290,REG_CONT,0x005e30,0x0ac76e30,0x00002b92,1
0x0290,REG_CONT,0x005e34,0x0ac76e34,0x00002c89,1
0x0290,REG_CONT,0x005e38,0x0ac76e38,0x00002d87,1
0x0290,REG_CONT,0x005e3c,0x0ac76e3c,0x00002e8c,1
0x0290,REG_CONT,0x005e40,0x0ac76e40,0x00002f97,1
0x0290,REG_CONT,0x005e44,0x0ac76e44,0x000030aa,1
0x0290,REG_CONT,0x005e48,0x0ac76e48,0x000031c3,1
0x0290,REG_CONT,0x005e4c,0x0ac76e4c,0x000032e4,1
0x0290,REG_CONT,0x005e50,0x0ac76e50,0x0000340d,1
0x0290,REG_CONT,0x005e54,0x0ac76e54,0x0000353e,1
0x0290,REG_CONT,0x005e58,0x0ac76e58,0x00003677,1
0x0290,REG_CONT,0x005e5c,0x0ac76e5c,0x000037b8,1
0x0290,REG_CONT,0x005e60,0x0ac76e60,0x00003902,1
0x0290,REG_CONT,0x005e64,0x0ac76e64,0x00003a55,1
0x0290,REG_CONT,0x005e68,0x0ac76e68,0x00003bb1,1
0x0290,REG_CONT,0x005e6c,0x0ac76e6c,0x00003d17,1
0x0290,REG_CONT,0x005e70,0x0ac76e70,0x00003e86,1
0x06c0,REG_CONT,0x00a058,0x0ac7b058,0x00000000,1
0x06c0,REG_CONT,0x00a05c,0x0ac7b05c,0x00000000,1
0x06c0,REG_CONT,0x00a060,0x0ac7b060,0x00000001,1
0x06c0,REG_CONT,0x00a064,0x0ac7b064,0x00000000,1
0x06c0,REG_CONT,0x00a068,0x0ac7b068,0x00030000,1
0x06c0,REG_CONT,0x00a06c,0x0ac7b06c,0x00030000,1
0x06c0,REG_CONT,0x00a070,0x0ac7b070,0x00080000,1
0x06c0,REG_CONT,0x00a074,0x0ac7b074,0x00080000,1
0x06c0,REG_CONT,0x00a078,0x0ac7b078,0x01680280,1
0x06c0,REG_CONT,0x00a07c,0x0ac7b07c,0x05a00a00,1
0x06f0,REG_CONT,0x00a080,0x0ac7b080,0x00000000,1
0x06f0,REG_CONT,0x00a084,0x0ac7b084,0x00000000,1
0x06f0,REG_CONT,0x00a088,0x0ac7b088,0x00000000,1
0x06f0,REG_CONT,0x00a08c,0x0ac7b08c,0x00000000,1
0x06f0,REG_CONT,0x00a090,0x0ac7b090,0x00000000,1
0x06f0,REG_CONT,0x00a094,0x0ac7b094,0x00000000,1
0x06f0,REG_CONT,0x00a098,0x0ac7b098,0x00000000,1
0x06f0,REG_CONT,0x00a09c,0x0ac7b09c,0x00000000,1
0x06f0,REG_CONT,0x00a0a0,0x0ac7b0a0,0x00000000,1
0x06f0,REG_CONT,0x00a0a4,0x0ac7b0a4,0x00000000,1
0x06f0,REG_CONT,0x00a0a8,0x0ac7b0a8,0x00000000,1
0x06f0,REG_CONT,0x00a0ac,0x0ac7b0ac,0x00000000,1
0x06f0,REG_CONT,0x00a0b0,0x0ac7b0b0,0x00000000,1
0x06f0,REG_CONT,0x00a0b4,0x0ac7b0b4,0x00000000,1
0x06f0,REG_CONT,0x00a0b8,0x0ac7b0b8,0x00000000,1
0x06f0,REG_CONT,0x00a0bc,0x0ac7b0bc,0x00000000,1
0x06f0,REG_CONT,0x00a0c0,0x0ac7b0c0,0x00000000,1
0x06f0,REG_CONT,0x00a0c4,0x0ac7b0c4,0x00000000,1
0x06f0,REG_CONT,0x00a0c8,0x0ac7b0c8,0x00000000,1
0x06f0,REG_CONT,0x00a0cc,0x0ac7b0cc,0x00000000,1
0x06f0,REG_CONT,0x00a0d0,0x0ac7b0d0,0x00000000,1
0x06f0,REG_CONT,0x00a0d4,0x0ac7b0d4,0x00000000,1
0x06f0,REG_CONT,0x00a0d8,0x0ac7b0d8,0x00000000,1
0x06f0,REG_CONT,0x00a0dc,0x0ac7b0dc,0x00000000,1
0x0758,REG_CONT,0x00a100,0x0ac7b100,0x00000000,1
0x0758,REG_CONT,0x00a104,0x0ac7b104,0x00000000,1
0x0758,REG_CONT,0x00a108,0x0ac7b108,0x00000000,1
0x0758,REG_CONT,0x00a10c,0x0ac7b10c,0x00000000,1
0x0758,REG_CONT,0x00a110,0x0ac7b110,0x00000000,1
0x0758,REG_CONT,0x00a114,0x0ac7b114,0x00000000,1
0x0758,REG_CONT,0x00a118,0x0ac7b118,0x00000000,1
0x0758,REG_CONT,0x00a11c,0x0ac7b11c,0x00000000,1
0x0758,REG_CONT,0x00a120,0x0ac7b120,0x00000000,1
0x0758,REG_CONT,0x00a124,0x0ac7b124,0x00000000,1
0x0758,REG_CONT,0x00a128,0x0ac7b128,0x00000000,1
0x0758,REG_CONT,0x00a12c,0x0ac7b12c,0x00000000,1
0x0758,REG_CONT,0x00a130,0x0ac7b130,0x00000000,1
0x0758,REG_CONT,0x00a134,0x0ac7b134,0x00000000,1
0x0758,REG_CONT,0x00a138,0x0ac7b138,0x00000000,1
0x0758,REG_CONT,0x00a13c,0x0ac7b13c,0x00000000,1
0x0758,REG_CONT,0x00a140,0x0ac7b140,0x00000000,1
0x0758,REG_CONT,0x00a144,0x0ac7b144,0x00000000,1
0x0758,REG_CONT,0x00a148,0x0ac7b148,0x00000000,1
0x0758,REG_CONT,0x00a14c,0x0ac7b14c,0x00000000,1
0x0758,REG_CONT,0x00a150,0x0ac7b150,0x00000000,1
0x0758,REG_CONT,0x00a154,0x0ac7b154,0x00000000,1
0x0758,REG_CONT,0x00a158,0x0ac7b158,0x00000000,1
0x0758,REG_CONT,0x00a15c,0x0ac7b15c,0x00000000,1
0x07c0,REG_CONT,0x00a258,0x0ac7b258,0x00000000,1
0x07c0,REG_CONT,0x00a25c,0x0ac7b25c,0x00000000,1
0x07c0,REG_CONT,0x00a260,0x0ac7b260,0x00000001,1
0x07c0,REG_CONT,0x00a264,0x0ac7b264,0x00000000,1
0x07c0,REG_CONT,0x00a268,0x0ac7b268,0x00030000,1
0x07c0,REG_CONT,0x00a26c,0x0ac7b26c,0x00030000,1
0x07c0,REG_CONT,0x00a270,0x0ac7b270,0x00080000,1
0x07c0,REG_CONT,0x00a274,0x0ac7b274,0x00080000,1
0x07c0,REG_CONT,0x00a278,0x0ac7b278,0x00b40140,1
0x07c0,REG_CONT,0x00a27c,0x0ac7b27c,0x02d00500,1
0x07f0,REG_CONT,0x00a280,0x0ac7b280,0x00000000,1
0x07f0,REG_CONT,0x00a284,0x0ac7b284,0x00000000,1
0x07f0,REG_CONT,0x00a288,0x0ac7b288,0x00000000,1
0x07f0,REG_CONT,0x00a28c,0x0ac7b28c,0x00000000,1
0x07f0,REG_CONT,0x00a290,0x0ac7b290,0x00000000,1
0x07f0,REG_CONT,0x00a294,0x0ac7b294,0x00000000,1
0x07f0,REG_CONT,0x00a298,0x0ac7b298,0x00000000,1
0x0814,REG_CONT,0x00a2c0,0x0ac7b2c0,0x00000000,1
0x0814,REG_CONT,0x00a2c4,0x0ac7b2c4,0x00000000,1
0x0814,REG_CONT,0x00a2c8,0x0ac7b2c8,0x00000000,1
0x0814,REG_CONT,0x00a2cc,0x0ac7b2cc,0x00000000,1
0x0814,REG_CONT,0x00a2d0,0x0ac7b2d0,0x00000000,1
0x0814,REG_CONT,0x00a2d4,0x0ac7b2d4,0x00000000,1
0x0814,REG_CONT,0x00a2d8,0x0ac7b2d8,0x00000000,1
0x0814,REG_CONT,0x00a2dc,0x0ac7b2dc,0x00000000,1
0x0814,REG_CONT,0x00a2e0,0x0ac7b2e0,0x00000000,1
0x0870,REG_CONT,0x00a860,0x0ac7b860,0x00000f07,1
0x087c,REG_CONT,0x00a868,0x0ac7b868,0x09016c7d,1
0x0888,REG_CONT,0x00a904,0x0ac7b904,0x00000167,1
0x0888,REG_CONT,0x00a908,0x0ac7b908,0x0000027f,1
0x0898,REG_CONT,0x00aa60,0x0ac7ba60,0x00000f07,1
0x08a4,REG_CONT,0x00ab04,0x0ac7bb04,0x000000b3,1
0x08a4,REG_CONT,0x00ab08,0x0ac7bb08,0x0000027f,1
0x08b4,REG_CONT,0x00be60,0x0ac7ce60,0x00000711,1
0x08c0,REG_CONT,0x00be68,0x0ac7ce68,0x00000000,1
0x08c0,REG_CONT,0x00be6c,0x0ac7ce6c,0x021b0007,1
0x08c0,REG_CONT,0x00be70,0x0ac7ce70,0x000301df,1
0x08d4,REG_CONT,0x00002c,0x0ac7102c,0x00000000,0
0x08e0,REG_CONT,0x000024,0x0ac71024,0x00006000,0
0x08ec,REG_CONT,0x00008c,0x0ac7108c,0x0a503000,0
0x08f8,REG_CONT,0x000090,0x0ac71090,0x00000001,0
