client,name,register,offset,role,live1,live2,stable
0,FULL_Y,cfg,0x0e00,writable_config,0x00000011,0x00000011,1
0,FULL_Y,image_addr,0x0e04,dynamic_buffer_address,0x1242e000,0x150b6000,0
0,FULL_Y,frame_incr,0x0e08,writable_config,0x004f2000,0x004f2000,1
0,FULL_Y,image_cfg0,0x0e0c,writable_config,0x05a00a00,0x05a00a00,1
0,FULL_Y,image_cfg1,0x0e10,writable_config,0x00000000,0x00000000,1
0,FULL_Y,image_cfg2,0x0e14,writable_config,0x00000e00,0x00000e00,1
0,FULL_Y,packer_cfg,0x0e18,writable_config,0x0000000b,0x0000000b,1
0,FULL_Y,bw_limit,0x0e1c,writable_config,0x0000000b,0x0000000b,1
0,FULL_Y,frame_header_addr,0x0e20,dynamic_buffer_address,0x00000000,0x00000000,1
0,FULL_Y,frame_header_incr,0x0e24,writable_config,0x00000000,0x00000000,1
0,FULL_Y,frame_header_cfg,0x0e28,writable_config,0x00000000,0x00000000,1
0,FULL_Y,irq_subsample_period,0x0e30,writable_config,0x00000000,0x00000000,1
0,FULL_Y,irq_subsample_pattern,0x0e34,writable_config,0x00000001,0x00000001,1
0,FULL_Y,framedrop_period,0x0e38,writable_config,0x00000000,0x00000000,1
0,FULL_Y,framedrop_pattern,0x0e3c,writable_config,0x00000001,0x00000001,1
0,FULL_Y,meta_addr,0x0e40,dynamic_buffer_address,0x12428000,0x150b0000,0
0,FULL_Y,meta_cfg,0x0e44,writable_config,0x00000400,0x00000400,1
0,FULL_Y,mode_cfg,0x0e48,writable_config,0x00000023,0x00000023,1
0,FULL_Y,stats_ctrl,0x0e4c,writable_config,0x00000000,0x00000000,1
0,FULL_Y,ctrl_2,0x0e50,writable_config,0x00000001,0x00000001,1
0,FULL_Y,lossy_thresh0,0x0e54,writable_config,0x06210022,0x06210022,1
0,FULL_Y,lossy_thresh1,0x0e58,writable_config,0x0000040a,0x0000040a,1
0,FULL_Y,lossy_var_offset,0x0e5c,writable_config,0x00000000,0x00000000,1
0,FULL_Y,mmu_prefetch_cfg,0x0e60,writable_config,0x00000000,0x00000000,1
0,FULL_Y,mmu_prefetch_max_offset,0x0e64,writable_config,0x00000000,0x00000000,1
0,FULL_Y,system_cache_cfg,0x0e68,writable_config,0x00000000,0x00000000,1
0,FULL_Y,addr_status0,0x0e70,status_readback,0x1242e000,0x150b6000,0
0,FULL_Y,addr_status1,0x0e74,status_readback,0x00000000,0x00000000,1
0,FULL_Y,addr_status2,0x0e78,status_readback,0x00000000,0x00000000,1
0,FULL_Y,addr_status3,0x0e7c,status_readback,0x1242e000,0x150b6000,0
0,FULL_Y,debug_status_cfg,0x0e80,writable_debug_config,0x00000000,0x00000000,1
0,FULL_Y,debug_status0,0x0e84,status_readback,0x00000000,0x00000000,1
0,FULL_Y,debug_status1,0x0e88,status_readback,0x00000000,0x00000000,1
1,FULL_C,cfg,0x0f00,writable_config,0x00000011,0x00000011,1
1,FULL_C,image_addr,0x0f04,dynamic_buffer_address,0x1291d000,0x155a5000,0
1,FULL_C,frame_incr,0x0f08,writable_config,0x00279000,0x00279000,1
1,FULL_C,image_cfg0,0x0f0c,writable_config,0x02d00a00,0x02d00a00,1
1,FULL_C,image_cfg1,0x0f10,writable_config,0x00000000,0x00000000,1
1,FULL_C,image_cfg2,0x0f14,writable_config,0x00000e00,0x00000e00,1
1,FULL_C,packer_cfg,0x0f18,writable_config,0x0000000b,0x0000000b,1
1,FULL_C,bw_limit,0x0f1c,writable_config,0x0000000b,0x0000000b,1
1,FULL_C,frame_header_addr,0x0f20,dynamic_buffer_address,0x00000000,0x00000000,1
1,FULL_C,frame_header_incr,0x0f24,writable_config,0x00000000,0x00000000,1
1,FULL_C,frame_header_cfg,0x0f28,writable_config,0x00000000,0x00000000,1
1,FULL_C,irq_subsample_period,0x0f30,writable_config,0x00000000,0x00000000,1
1,FULL_C,irq_subsample_pattern,0x0f34,writable_config,0x00000001,0x00000001,1
1,FULL_C,framedrop_period,0x0f38,writable_config,0x00000000,0x00000000,1
1,FULL_C,framedrop_pattern,0x0f3c,writable_config,0x00000001,0x00000001,1
1,FULL_C,meta_addr,0x0f40,dynamic_buffer_address,0x1291a000,0x155a2000,0
1,FULL_C,meta_cfg,0x0f44,writable_config,0x00000400,0x00000400,1
1,FULL_C,mode_cfg,0x0f48,writable_config,0x00000033,0x00000033,1
1,FULL_C,stats_ctrl,0x0f4c,writable_config,0x00000000,0x00000000,1
1,FULL_C,ctrl_2,0x0f50,writable_config,0x00000001,0x00000001,1
1,FULL_C,lossy_thresh0,0x0f54,writable_config,0x06210022,0x06210022,1
1,FULL_C,lossy_thresh1,0x0f58,writable_config,0x0000040a,0x0000040a,1
1,FULL_C,lossy_var_offset,0x0f5c,writable_config,0x00000000,0x00000000,1
1,FULL_C,mmu_prefetch_cfg,0x0f60,writable_config,0x00000000,0x00000000,1
1,FULL_C,mmu_prefetch_max_offset,0x0f64,writable_config,0x00000000,0x00000000,1
1,FULL_C,system_cache_cfg,0x0f68,writable_config,0x00000000,0x00000000,1
1,FULL_C,addr_status0,0x0f70,status_readback,0x1291d000,0x155a5000,0
1,FULL_C,addr_status1,0x0f74,status_readback,0x00000000,0x00000000,1
1,FULL_C,addr_status2,0x0f78,status_readback,0x00000000,0x00000000,1
1,FULL_C,addr_status3,0x0f7c,status_readback,0x1291d000,0x155a5000,0
1,FULL_C,debug_status_cfg,0x0f80,writable_debug_config,0x00000000,0x00000000,1
1,FULL_C,debug_status0,0x0f84,status_readback,0x00000000,0x00000000,1
1,FULL_C,debug_status1,0x0f88,status_readback,0x00000000,0x00000000,1
2,DS4,cfg,0x1000,writable_config,0x00000011,0x00000011,1
2,DS4,image_addr,0x1004,dynamic_buffer_address,0x159a8000,0x15cc0000,0
2,DS4,frame_incr,0x1008,writable_config,0x00084000,0x00084000,1
2,DS4,image_cfg0,0x100c,writable_config,0x00b40140,0x00b40140,1
2,DS4,image_cfg1,0x1010,writable_config,0x00000000,0x00000000,1
2,DS4,image_cfg2,0x1014,writable_config,0x00000b00,0x00000b00,1
2,DS4,packer_cfg,0x1018,writable_config,0x0000000a,0x0000000a,1
2,DS4,bw_limit,0x101c,writable_config,0x00000000,0x00000000,1
2,DS4,frame_header_addr,0x1020,dynamic_buffer_address,0x00000000,0x00000000,1
2,DS4,frame_header_incr,0x1024,writable_config,0x00000000,0x00000000,1
2,DS4,frame_header_cfg,0x1028,writable_config,0x00000000,0x00000000,1
2,DS4,irq_subsample_period,0x1030,writable_config,0x00000000,0x00000000,1
2,DS4,irq_subsample_pattern,0x1034,writable_config,0x00000001,0x00000001,1
2,DS4,framedrop_period,0x1038,writable_config,0x00000000,0x00000000,1
2,DS4,framedrop_pattern,0x103c,writable_config,0x00000001,0x00000001,1
2,DS4,meta_addr,0x1040,dynamic_buffer_address,0x00000000,0x00000000,1
2,DS4,meta_cfg,0x1044,writable_config,0x00000000,0x00000000,1
2,DS4,mode_cfg,0x1048,writable_config,0x00000000,0x00000000,1
2,DS4,stats_ctrl,0x104c,writable_config,0x00000000,0x00000000,1
2,DS4,ctrl_2,0x1050,writable_config,0x00000000,0x00000000,1
2,DS4,lossy_thresh0,0x1054,writable_config,0x00000000,0x00000000,1
2,DS4,lossy_thresh1,0x1058,writable_config,0x00000000,0x00000000,1
2,DS4,lossy_var_offset,0x105c,writable_config,0x00000000,0x00000000,1
2,DS4,mmu_prefetch_cfg,0x1060,writable_config,0x00000000,0x00000000,1
2,DS4,mmu_prefetch_max_offset,0x1064,writable_config,0x00000000,0x00000000,1
2,DS4,system_cache_cfg,0x1068,writable_config,0x00000000,0x00000000,1
2,DS4,addr_status0,0x1070,status_readback,0x159a8000,0x15cc0000,0
2,DS4,addr_status1,0x1074,status_readback,0x00000000,0x00000000,1
2,DS4,addr_status2,0x1078,status_readback,0x00000000,0x00000000,1
2,DS4,addr_status3,0x107c,status_readback,0x159a8000,0x15cc0000,0
2,DS4,debug_status_cfg,0x1080,writable_debug_config,0x00000000,0x00000000,1
2,DS4,debug_status0,0x1084,status_readback,0x00000000,0x00000000,1
2,DS4,debug_status1,0x1088,status_readback,0x00000000,0x00000000,1
3,DS16,cfg,0x1100,writable_config,0x00000011,0x00000011,1
3,DS16,image_addr,0x1104,dynamic_buffer_address,0x15d68000,0x15db0000,0
3,DS16,frame_incr,0x1108,writable_config,0x0000c000,0x0000c000,1
3,DS16,image_cfg0,0x110c,writable_config,0x002d0050,0x002d0050,1
3,DS16,image_cfg1,0x1110,writable_config,0x00000000,0x00000000,1
3,DS16,image_cfg2,0x1114,writable_config,0x00000300,0x00000300,1
3,DS16,packer_cfg,0x1118,writable_config,0x0000000a,0x0000000a,1
3,DS16,bw_limit,0x111c,writable_config,0x00000000,0x00000000,1
3,DS16,frame_header_addr,0x1120,dynamic_buffer_address,0x00000000,0x00000000,1
3,DS16,frame_header_incr,0x1124,writable_config,0x00000000,0x00000000,1
3,DS16,frame_header_cfg,0x1128,writable_config,0x00000000,0x00000000,1
3,DS16,irq_subsample_period,0x1130,writable_config,0x00000000,0x00000000,1
3,DS16,irq_subsample_pattern,0x1134,writable_config,0x00000001,0x00000001,1
3,DS16,framedrop_period,0x1138,writable_config,0x00000000,0x00000000,1
3,DS16,framedrop_pattern,0x113c,writable_config,0x00000001,0x00000001,1
3,DS16,meta_addr,0x1140,dynamic_buffer_address,0x00000000,0x00000000,1
3,DS16,meta_cfg,0x1144,writable_config,0x00000000,0x00000000,1
3,DS16,mode_cfg,0x1148,writable_config,0x00000000,0x00000000,1
3,DS16,stats_ctrl,0x114c,writable_config,0x00000000,0x00000000,1
3,DS16,ctrl_2,0x1150,writable_config,0x00000000,0x00000000,1
3,DS16,lossy_thresh0,0x1154,writable_config,0x00000000,0x00000000,1
3,DS16,lossy_thresh1,0x1158,writable_config,0x00000000,0x00000000,1
3,DS16,lossy_var_offset,0x115c,writable_config,0x00000000,0x00000000,1
3,DS16,mmu_prefetch_cfg,0x1160,writable_config,0x00000000,0x00000000,1
3,DS16,mmu_prefetch_max_offset,0x1164,writable_config,0x00000000,0x00000000,1
3,DS16,system_cache_cfg,0x1168,writable_config,0x00000000,0x00000000,1
3,DS16,addr_status0,0x1170,status_readback,0x15d68000,0x15db0000,0
3,DS16,addr_status1,0x1174,status_readback,0x00000000,0x00000000,1
3,DS16,addr_status2,0x1178,status_readback,0x00000000,0x00000000,1
3,DS16,addr_status3,0x117c,status_readback,0x15d68000,0x15db0000,0
3,DS16,debug_status_cfg,0x1180,writable_debug_config,0x00000000,0x00000000,1
3,DS16,debug_status0,0x1184,status_readback,0x00000000,0x00000000,1
3,DS16,debug_status1,0x1188,status_readback,0x00000000,0x00000000,1
4,DISP_Y,cfg,0x1200,writable_config,0x00000010,0x00000010,1
4,DISP_Y,image_addr,0x1204,dynamic_buffer_address,0x00000000,0x00000000,1
4,DISP_Y,frame_incr,0x1208,writable_config,0x00000000,0x00000000,1
4,DISP_Y,image_cfg0,0x120c,writable_config,0x00000000,0x00000000,1
4,DISP_Y,image_cfg1,0x1210,writable_config,0x00000000,0x00000000,1
4,DISP_Y,image_cfg2,0x1214,writable_config,0x00000000,0x00000000,1
4,DISP_Y,packer_cfg,0x1218,writable_config,0x00000000,0x00000000,1
4,DISP_Y,bw_limit,0x121c,writable_config,0x00000000,0x00000000,1
4,DISP_Y,frame_header_addr,0x1220,dynamic_buffer_address,0x00000000,0x00000000,1
4,DISP_Y,frame_header_incr,0x1224,writable_config,0x00000000,0x00000000,1
4,DISP_Y,frame_header_cfg,0x1228,writable_config,0x00000000,0x00000000,1
4,DISP_Y,irq_subsample_period,0x1230,writable_config,0x00000000,0x00000000,1
4,DISP_Y,irq_subsample_pattern,0x1234,writable_config,0xffffffff,0xffffffff,1
4,DISP_Y,framedrop_period,0x1238,writable_config,0x00000000,0x00000000,1
4,DISP_Y,framedrop_pattern,0x123c,writable_config,0xffffffff,0xffffffff,1
4,DISP_Y,meta_addr,0x1240,dynamic_buffer_address,0x00000000,0x00000000,1
4,DISP_Y,meta_cfg,0x1244,writable_config,0x00000000,0x00000000,1
4,DISP_Y,mode_cfg,0x1248,writable_config,0x00000000,0x00000000,1
4,DISP_Y,stats_ctrl,0x124c,writable_config,0x00000000,0x00000000,1
4,DISP_Y,ctrl_2,0x1250,writable_config,0x00000001,0x00000001,1
4,DISP_Y,lossy_thresh0,0x1254,writable_config,0x06210022,0x06210022,1
4,DISP_Y,lossy_thresh1,0x1258,writable_config,0x0000040a,0x0000040a,1
4,DISP_Y,lossy_var_offset,0x125c,writable_config,0x00000000,0x00000000,1
4,DISP_Y,mmu_prefetch_cfg,0x1260,writable_config,0x00000000,0x00000000,1
4,DISP_Y,mmu_prefetch_max_offset,0x1264,writable_config,0x00000000,0x00000000,1
4,DISP_Y,system_cache_cfg,0x1268,writable_config,0x00000000,0x00000000,1
4,DISP_Y,addr_status0,0x1270,status_readback,0x00000000,0x00000000,1
4,DISP_Y,addr_status1,0x1274,status_readback,0x00000000,0x00000000,1
4,DISP_Y,addr_status2,0x1278,status_readback,0x00000000,0x00000000,1
4,DISP_Y,addr_status3,0x127c,status_readback,0x00000000,0x00000000,1
4,DISP_Y,debug_status_cfg,0x1280,writable_debug_config,0x00000000,0x00000000,1
4,DISP_Y,debug_status0,0x1284,status_readback,0x00000000,0x00000000,1
4,DISP_Y,debug_status1,0x1288,status_readback,0x00000000,0x00000000,1
5,DISP_C,cfg,0x1300,writable_config,0x00000010,0x00000010,1
5,DISP_C,image_addr,0x1304,dynamic_buffer_address,0x00000000,0x00000000,1
5,DISP_C,frame_incr,0x1308,writable_config,0x00000000,0x00000000,1
5,DISP_C,image_cfg0,0x130c,writable_config,0x00000000,0x00000000,1
5,DISP_C,image_cfg1,0x1310,writable_config,0x00000000,0x00000000,1
5,DISP_C,image_cfg2,0x1314,writable_config,0x00000000,0x00000000,1
5,DISP_C,packer_cfg,0x1318,writable_config,0x00000000,0x00000000,1
5,DISP_C,bw_limit,0x131c,writable_config,0x00000000,0x00000000,1
5,DISP_C,frame_header_addr,0x1320,dynamic_buffer_address,0x00000000,0x00000000,1
5,DISP_C,frame_header_incr,0x1324,writable_config,0x00000000,0x00000000,1
5,DISP_C,frame_header_cfg,0x1328,writable_config,0x00000000,0x00000000,1
5,DISP_C,irq_subsample_period,0x1330,writable_config,0x00000000,0x00000000,1
5,DISP_C,irq_subsample_pattern,0x1334,writable_config,0xffffffff,0xffffffff,1
5,DISP_C,framedrop_period,0x1338,writable_config,0x00000000,0x00000000,1
5,DISP_C,framedrop_pattern,0x133c,writable_config,0xffffffff,0xffffffff,1
5,DISP_C,meta_addr,0x1340,dynamic_buffer_address,0x00000000,0x00000000,1
5,DISP_C,meta_cfg,0x1344,writable_config,0x00000000,0x00000000,1
5,DISP_C,mode_cfg,0x1348,writable_config,0x00000000,0x00000000,1
5,DISP_C,stats_ctrl,0x134c,writable_config,0x00000000,0x00000000,1
5,DISP_C,ctrl_2,0x1350,writable_config,0x00000001,0x00000001,1
5,DISP_C,lossy_thresh0,0x1354,writable_config,0x06210022,0x06210022,1
5,DISP_C,lossy_thresh1,0x1358,writable_config,0x0000040a,0x0000040a,1
5,DISP_C,lossy_var_offset,0x135c,writable_config,0x00000000,0x00000000,1
5,DISP_C,mmu_prefetch_cfg,0x1360,writable_config,0x00000000,0x00000000,1
5,DISP_C,mmu_prefetch_max_offset,0x1364,writable_config,0x00000000,0x00000000,1
5,DISP_C,system_cache_cfg,0x1368,writable_config,0x00000000,0x00000000,1
5,DISP_C,addr_status0,0x1370,status_readback,0x00000000,0x00000000,1
5,DISP_C,addr_status1,0x1374,status_readback,0x00000000,0x00000000,1
5,DISP_C,addr_status2,0x1378,status_readback,0x00000000,0x00000000,1
5,DISP_C,addr_status3,0x137c,status_readback,0x00000000,0x00000000,1
5,DISP_C,debug_status_cfg,0x1380,writable_debug_config,0x00000000,0x00000000,1
5,DISP_C,debug_status0,0x1384,status_readback,0x00000000,0x00000000,1
5,DISP_C,debug_status1,0x1388,status_readback,0x00000000,0x00000000,1
6,DISP_DS4,cfg,0x1400,writable_config,0x00000010,0x00000010,1
6,DISP_DS4,image_addr,0x1404,dynamic_buffer_address,0x00000000,0x00000000,1
6,DISP_DS4,frame_incr,0x1408,writable_config,0x00000000,0x00000000,1
6,DISP_DS4,image_cfg0,0x140c,writable_config,0x00000000,0x00000000,1
6,DISP_DS4,image_cfg1,0x1410,writable_config,0x00000000,0x00000000,1
6,DISP_DS4,image_cfg2,0x1414,writable_config,0x00000000,0x00000000,1
6,DISP_DS4,packer_cfg,0x1418,writable_config,0x00000000,0x00000000,1
6,DISP_DS4,bw_limit,0x141c,writable_config,0x00000000,0x00000000,1
6,DISP_DS4,frame_header_addr,0x1420,dynamic_buffer_address,0x00000000,0x00000000,1
6,DISP_DS4,frame_header_incr,0x1424,writable_config,0x00000000,0x00000000,1
6,DISP_DS4,frame_header_cfg,0x1428,writable_config,0x00000000,0x00000000,1
6,DISP_DS4,irq_subsample_period,0x1430,writable_config,0x00000000,0x00000000,1
6,DISP_DS4,irq_subsample_pattern,0x1434,writable_config,0xffffffff,0xffffffff,1
6,DISP_DS4,framedrop_period,0x1438,writable_config,0x00000000,0x00000000,1
6,DISP_DS4,framedrop_pattern,0x143c,writable_config,0xffffffff,0xffffffff,1
6,DISP_DS4,meta_addr,0x1440,dynamic_buffer_address,0x00000000,0x00000000,1
6,DISP_DS4,meta_cfg,0x1444,writable_config,0x00000000,0x00000000,1
6,DISP_DS4,mode_cfg,0x1448,writable_config,0x00000000,0x00000000,1
6,DISP_DS4,stats_ctrl,0x144c,writable_config,0x00000000,0x00000000,1
6,DISP_DS4,ctrl_2,0x1450,writable_config,0x00000000,0x00000000,1
6,DISP_DS4,lossy_thresh0,0x1454,writable_config,0x00000000,0x00000000,1
6,DISP_DS4,lossy_thresh1,0x1458,writable_config,0x00000000,0x00000000,1
6,DISP_DS4,lossy_var_offset,0x145c,writable_config,0x00000000,0x00000000,1
6,DISP_DS4,mmu_prefetch_cfg,0x1460,writable_config,0x00000000,0x00000000,1
6,DISP_DS4,mmu_prefetch_max_offset,0x1464,writable_config,0x00000000,0x00000000,1
6,DISP_DS4,system_cache_cfg,0x1468,writable_config,0x00000000,0x00000000,1
6,DISP_DS4,addr_status0,0x1470,status_readback,0x00000000,0x00000000,1
6,DISP_DS4,addr_status1,0x1474,status_readback,0x00000000,0x00000000,1
6,DISP_DS4,addr_status2,0x1478,status_readback,0x00000000,0x00000000,1
6,DISP_DS4,addr_status3,0x147c,status_readback,0x00000000,0x00000000,1
6,DISP_DS4,debug_status_cfg,0x1480,writable_debug_config,0x00000000,0x00000000,1
6,DISP_DS4,debug_status0,0x1484,status_readback,0x00000000,0x00000000,1
6,DISP_DS4,debug_status1,0x1488,status_readback,0x00000000,0x00000000,1
7,DISP_DS16,cfg,0x1500,writable_config,0x00000010,0x00000010,1
7,DISP_DS16,image_addr,0x1504,dynamic_buffer_address,0x00000000,0x00000000,1
7,DISP_DS16,frame_incr,0x1508,writable_config,0x00000000,0x00000000,1
7,DISP_DS16,image_cfg0,0x150c,writable_config,0x00000000,0x00000000,1
7,DISP_DS16,image_cfg1,0x1510,writable_config,0x00000000,0x00000000,1
7,DISP_DS16,image_cfg2,0x1514,writable_config,0x00000000,0x00000000,1
7,DISP_DS16,packer_cfg,0x1518,writable_config,0x00000000,0x00000000,1
7,DISP_DS16,bw_limit,0x151c,writable_config,0x00000000,0x00000000,1
7,DISP_DS16,frame_header_addr,0x1520,dynamic_buffer_address,0x00000000,0x00000000,1
7,DISP_DS16,frame_header_incr,0x1524,writable_config,0x00000000,0x00000000,1
7,DISP_DS16,frame_header_cfg,0x1528,writable_config,0x00000000,0x00000000,1
7,DISP_DS16,irq_subsample_period,0x1530,writable_config,0x00000000,0x00000000,1
7,DISP_DS16,irq_subsample_pattern,0x1534,writable_config,0xffffffff,0xffffffff,1
7,DISP_DS16,framedrop_period,0x1538,writable_config,0x00000000,0x00000000,1
7,DISP_DS16,framedrop_pattern,0x153c,writable_config,0xffffffff,0xffffffff,1
7,DISP_DS16,meta_addr,0x1540,dynamic_buffer_address,0x00000000,0x00000000,1
7,DISP_DS16,meta_cfg,0x1544,writable_config,0x00000000,0x00000000,1
7,DISP_DS16,mode_cfg,0x1548,writable_config,0x00000000,0x00000000,1
7,DISP_DS16,stats_ctrl,0x154c,writable_config,0x00000000,0x00000000,1
7,DISP_DS16,ctrl_2,0x1550,writable_config,0x00000000,0x00000000,1
7,DISP_DS16,lossy_thresh0,0x1554,writable_config,0x00000000,0x00000000,1
7,DISP_DS16,lossy_thresh1,0x1558,writable_config,0x00000000,0x00000000,1
7,DISP_DS16,lossy_var_offset,0x155c,writable_config,0x00000000,0x00000000,1
7,DISP_DS16,mmu_prefetch_cfg,0x1560,writable_config,0x00000000,0x00000000,1
7,DISP_DS16,mmu_prefetch_max_offset,0x1564,writable_config,0x00000000,0x00000000,1
7,DISP_DS16,system_cache_cfg,0x1568,writable_config,0x00000000,0x00000000,1
7,DISP_DS16,addr_status0,0x1570,status_readback,0x00000000,0x00000000,1
7,DISP_DS16,addr_status1,0x1574,status_readback,0x00000000,0x00000000,1
7,DISP_DS16,addr_status2,0x1578,status_readback,0x00000000,0x00000000,1
7,DISP_DS16,addr_status3,0x157c,status_readback,0x00000000,0x00000000,1
7,DISP_DS16,debug_status_cfg,0x1580,writable_debug_config,0x00000000,0x00000000,1
7,DISP_DS16,debug_status0,0x1584,status_readback,0x00000000,0x00000000,1
7,DISP_DS16,debug_status1,0x1588,status_readback,0x00000000,0x00000000,1
8,FD_Y,cfg,0x1600,writable_config,0x00000010,0x00000010,1
8,FD_Y,image_addr,0x1604,dynamic_buffer_address,0x00000000,0x00000000,1
8,FD_Y,frame_incr,0x1608,writable_config,0x00000000,0x00000000,1
8,FD_Y,image_cfg0,0x160c,writable_config,0x00000000,0x00000000,1
8,FD_Y,image_cfg1,0x1610,writable_config,0x00000000,0x00000000,1
8,FD_Y,image_cfg2,0x1614,writable_config,0x00000000,0x00000000,1
8,FD_Y,packer_cfg,0x1618,writable_config,0x00000000,0x00000000,1
8,FD_Y,bw_limit,0x161c,writable_config,0x00000000,0x00000000,1
8,FD_Y,frame_header_addr,0x1620,dynamic_buffer_address,0x00000000,0x00000000,1
8,FD_Y,frame_header_incr,0x1624,writable_config,0x00000000,0x00000000,1
8,FD_Y,frame_header_cfg,0x1628,writable_config,0x00000000,0x00000000,1
8,FD_Y,irq_subsample_period,0x1630,writable_config,0x00000000,0x00000000,1
8,FD_Y,irq_subsample_pattern,0x1634,writable_config,0xffffffff,0xffffffff,1
8,FD_Y,framedrop_period,0x1638,writable_config,0x00000000,0x00000000,1
8,FD_Y,framedrop_pattern,0x163c,writable_config,0xffffffff,0xffffffff,1
8,FD_Y,meta_addr,0x1640,dynamic_buffer_address,0x00000000,0x00000000,1
8,FD_Y,meta_cfg,0x1644,writable_config,0x00000000,0x00000000,1
8,FD_Y,mode_cfg,0x1648,writable_config,0x00000000,0x00000000,1
8,FD_Y,stats_ctrl,0x164c,writable_config,0x00000000,0x00000000,1
8,FD_Y,ctrl_2,0x1650,writable_config,0x00000000,0x00000000,1
8,FD_Y,lossy_thresh0,0x1654,writable_config,0x00000000,0x00000000,1
8,FD_Y,lossy_thresh1,0x1658,writable_config,0x00000000,0x00000000,1
8,FD_Y,lossy_var_offset,0x165c,writable_config,0x00000000,0x00000000,1
8,FD_Y,mmu_prefetch_cfg,0x1660,writable_config,0x00000000,0x00000000,1
8,FD_Y,mmu_prefetch_max_offset,0x1664,writable_config,0x00000000,0x00000000,1
8,FD_Y,system_cache_cfg,0x1668,writable_config,0x00000000,0x00000000,1
8,FD_Y,addr_status0,0x1670,status_readback,0x00000000,0x00000000,1
8,FD_Y,addr_status1,0x1674,status_readback,0x00000000,0x00000000,1
8,FD_Y,addr_status2,0x1678,status_readback,0x00000000,0x00000000,1
8,FD_Y,addr_status3,0x167c,status_readback,0x00000000,0x00000000,1
8,FD_Y,debug_status_cfg,0x1680,writable_debug_config,0x00000000,0x00000000,1
8,FD_Y,debug_status0,0x1684,status_readback,0x00000000,0x00000000,1
8,FD_Y,debug_status1,0x1688,status_readback,0x00000000,0x00000000,1
9,FD_C,cfg,0x1700,writable_config,0x00000010,0x00000010,1
9,FD_C,image_addr,0x1704,dynamic_buffer_address,0x00000000,0x00000000,1
9,FD_C,frame_incr,0x1708,writable_config,0x00000000,0x00000000,1
9,FD_C,image_cfg0,0x170c,writable_config,0x00000000,0x00000000,1
9,FD_C,image_cfg1,0x1710,writable_config,0x00000000,0x00000000,1
9,FD_C,image_cfg2,0x1714,writable_config,0x00000000,0x00000000,1
9,FD_C,packer_cfg,0x1718,writable_config,0x00000000,0x00000000,1
9,FD_C,bw_limit,0x171c,writable_config,0x00000000,0x00000000,1
9,FD_C,frame_header_addr,0x1720,dynamic_buffer_address,0x00000000,0x00000000,1
9,FD_C,frame_header_incr,0x1724,writable_config,0x00000000,0x00000000,1
9,FD_C,frame_header_cfg,0x1728,writable_config,0x00000000,0x00000000,1
9,FD_C,irq_subsample_period,0x1730,writable_config,0x00000000,0x00000000,1
9,FD_C,irq_subsample_pattern,0x1734,writable_config,0xffffffff,0xffffffff,1
9,FD_C,framedrop_period,0x1738,writable_config,0x00000000,0x00000000,1
9,FD_C,framedrop_pattern,0x173c,writable_config,0xffffffff,0xffffffff,1
9,FD_C,meta_addr,0x1740,dynamic_buffer_address,0x00000000,0x00000000,1
9,FD_C,meta_cfg,0x1744,writable_config,0x00000000,0x00000000,1
9,FD_C,mode_cfg,0x1748,writable_config,0x00000000,0x00000000,1
9,FD_C,stats_ctrl,0x174c,writable_config,0x00000000,0x00000000,1
9,FD_C,ctrl_2,0x1750,writable_config,0x00000000,0x00000000,1
9,FD_C,lossy_thresh0,0x1754,writable_config,0x00000000,0x00000000,1
9,FD_C,lossy_thresh1,0x1758,writable_config,0x00000000,0x00000000,1
9,FD_C,lossy_var_offset,0x175c,writable_config,0x00000000,0x00000000,1
9,FD_C,mmu_prefetch_cfg,0x1760,writable_config,0x00000000,0x00000000,1
9,FD_C,mmu_prefetch_max_offset,0x1764,writable_config,0x00000000,0x00000000,1
9,FD_C,system_cache_cfg,0x1768,writable_config,0x00000000,0x00000000,1
9,FD_C,addr_status0,0x1770,status_readback,0x00000000,0x00000000,1
9,FD_C,addr_status1,0x1774,status_readback,0x00000000,0x00000000,1
9,FD_C,addr_status2,0x1778,status_readback,0x00000000,0x00000000,1
9,FD_C,addr_status3,0x177c,status_readback,0x00000000,0x00000000,1
9,FD_C,debug_status_cfg,0x1780,writable_debug_config,0x00000000,0x00000000,1
9,FD_C,debug_status0,0x1784,status_readback,0x00000000,0x00000000,1
9,FD_C,debug_status1,0x1788,status_readback,0x00000000,0x00000000,1
10,PIXEL_RAW,cfg,0x1800,writable_config,0x00000010,0x00000010,1
10,PIXEL_RAW,image_addr,0x1804,dynamic_buffer_address,0x00000000,0x00000000,1
10,PIXEL_RAW,frame_incr,0x1808,writable_config,0x00000000,0x00000000,1
10,PIXEL_RAW,image_cfg0,0x180c,writable_config,0x00000000,0x00000000,1
10,PIXEL_RAW,image_cfg1,0x1810,writable_config,0x00000000,0x00000000,1
10,PIXEL_RAW,image_cfg2,0x1814,writable_config,0x00000000,0x00000000,1
10,PIXEL_RAW,packer_cfg,0x1818,writable_config,0x00000000,0x00000000,1
10,PIXEL_RAW,bw_limit,0x181c,writable_config,0x00000000,0x00000000,1
10,PIXEL_RAW,frame_header_addr,0x1820,dynamic_buffer_address,0x00000000,0x00000000,1
10,PIXEL_RAW,frame_header_incr,0x1824,writable_config,0x00000000,0x00000000,1
10,PIXEL_RAW,frame_header_cfg,0x1828,writable_config,0x00000000,0x00000000,1
10,PIXEL_RAW,irq_subsample_period,0x1830,writable_config,0x00000000,0x00000000,1
10,PIXEL_RAW,irq_subsample_pattern,0x1834,writable_config,0xffffffff,0xffffffff,1
10,PIXEL_RAW,framedrop_period,0x1838,writable_config,0x00000000,0x00000000,1
10,PIXEL_RAW,framedrop_pattern,0x183c,writable_config,0xffffffff,0xffffffff,1
10,PIXEL_RAW,meta_addr,0x1840,dynamic_buffer_address,0x00000000,0x00000000,1
10,PIXEL_RAW,meta_cfg,0x1844,writable_config,0x00000000,0x00000000,1
10,PIXEL_RAW,mode_cfg,0x1848,writable_config,0x00000000,0x00000000,1
10,PIXEL_RAW,stats_ctrl,0x184c,writable_config,0x00000000,0x00000000,1
10,PIXEL_RAW,ctrl_2,0x1850,writable_config,0x00000000,0x00000000,1
10,PIXEL_RAW,lossy_thresh0,0x1854,writable_config,0x00000000,0x00000000,1
10,PIXEL_RAW,lossy_thresh1,0x1858,writable_config,0x00000000,0x00000000,1
10,PIXEL_RAW,lossy_var_offset,0x185c,writable_config,0x00000000,0x00000000,1
10,PIXEL_RAW,mmu_prefetch_cfg,0x1860,writable_config,0x00000000,0x00000000,1
10,PIXEL_RAW,mmu_prefetch_max_offset,0x1864,writable_config,0x00000000,0x00000000,1
10,PIXEL_RAW,system_cache_cfg,0x1868,writable_config,0x00000000,0x00000000,1
10,PIXEL_RAW,addr_status0,0x1870,status_readback,0x00000000,0x00000000,1
10,PIXEL_RAW,addr_status1,0x1874,status_readback,0x00000000,0x00000000,1
10,PIXEL_RAW,addr_status2,0x1878,status_readback,0x00000000,0x00000000,1
10,PIXEL_RAW,addr_status3,0x187c,status_readback,0x00000000,0x00000000,1
10,PIXEL_RAW,debug_status_cfg,0x1880,writable_debug_config,0x00000000,0x00000000,1
10,PIXEL_RAW,debug_status0,0x1884,status_readback,0x00000000,0x00000000,1
10,PIXEL_RAW,debug_status1,0x1888,status_readback,0x00000000,0x00000000,1
11,STATS_BE0,cfg,0x1900,writable_config,0x00010001,0x00010001,1
11,STATS_BE0,image_addr,0x1904,dynamic_buffer_address,0x15f9c000,0x1635c000,0
11,STATS_BE0,frame_incr,0x1908,writable_config,0x000a0000,0x000a0000,1
11,STATS_BE0,image_cfg0,0x190c,writable_config,0x00000000,0x00000000,1
11,STATS_BE0,image_cfg1,0x1910,writable_config,0x00000000,0x00000000,1
11,STATS_BE0,image_cfg2,0x1914,writable_config,0x00000001,0x00000001,1
11,STATS_BE0,packer_cfg,0x1918,writable_config,0x0000000a,0x0000000a,1
11,STATS_BE0,bw_limit,0x191c,writable_config,0x00000000,0x00000000,1
11,STATS_BE0,frame_header_addr,0x1920,dynamic_buffer_address,0x00000000,0x00000000,1
11,STATS_BE0,frame_header_incr,0x1924,writable_config,0x00000000,0x00000000,1
11,STATS_BE0,frame_header_cfg,0x1928,writable_config,0x00000000,0x00000000,1
11,STATS_BE0,irq_subsample_period,0x1930,writable_config,0x00000000,0x00000000,1
11,STATS_BE0,irq_subsample_pattern,0x1934,writable_config,0x00000001,0x00000001,1
11,STATS_BE0,framedrop_period,0x1938,writable_config,0x00000000,0x00000000,1
11,STATS_BE0,framedrop_pattern,0x193c,writable_config,0x00000001,0x00000001,1
11,STATS_BE0,meta_addr,0x1940,dynamic_buffer_address,0x00000000,0x00000000,1
11,STATS_BE0,meta_cfg,0x1944,writable_config,0x00000000,0x00000000,1
11,STATS_BE0,mode_cfg,0x1948,writable_config,0x00000000,0x00000000,1
11,STATS_BE0,stats_ctrl,0x194c,writable_config,0x00000000,0x00000000,1
11,STATS_BE0,ctrl_2,0x1950,writable_config,0x00000000,0x00000000,1
11,STATS_BE0,lossy_thresh0,0x1954,writable_config,0x00000000,0x00000000,1
11,STATS_BE0,lossy_thresh1,0x1958,writable_config,0x00000000,0x00000000,1
11,STATS_BE0,lossy_var_offset,0x195c,writable_config,0x00000000,0x00000000,1
11,STATS_BE0,mmu_prefetch_cfg,0x1960,writable_config,0x00000000,0x00000000,1
11,STATS_BE0,mmu_prefetch_max_offset,0x1964,writable_config,0x00000000,0x00000000,1
11,STATS_BE0,system_cache_cfg,0x1968,writable_config,0x00000000,0x00000000,1
11,STATS_BE0,addr_status0,0x1970,status_readback,0x15f9c000,0x1635c000,0
11,STATS_BE0,addr_status1,0x1974,status_readback,0x00000000,0x00000000,1
11,STATS_BE0,addr_status2,0x1978,status_readback,0x00000000,0x00000000,1
11,STATS_BE0,addr_status3,0x197c,status_readback,0x15f9c000,0x1635c000,0
11,STATS_BE0,debug_status_cfg,0x1980,writable_debug_config,0x00000000,0x00000000,1
11,STATS_BE0,debug_status0,0x1984,status_readback,0x00000000,0x00000000,1
11,STATS_BE0,debug_status1,0x1988,status_readback,0x00000000,0x00000000,1
12,STATS_BHIST0,cfg,0x1a00,writable_config,0x00010001,0x00010001,1
12,STATS_BHIST0,image_addr,0x1a04,dynamic_buffer_address,0x164a8000,0x164c0000,0
12,STATS_BHIST0,frame_incr,0x1a08,writable_config,0x00001800,0x00001800,1
12,STATS_BHIST0,image_cfg0,0x1a0c,writable_config,0x00000000,0x00000000,1
12,STATS_BHIST0,image_cfg1,0x1a10,writable_config,0x00000000,0x00000000,1
12,STATS_BHIST0,image_cfg2,0x1a14,writable_config,0x00000001,0x00000001,1
12,STATS_BHIST0,packer_cfg,0x1a18,writable_config,0x0000000a,0x0000000a,1
12,STATS_BHIST0,bw_limit,0x1a1c,writable_config,0x00000000,0x00000000,1
12,STATS_BHIST0,frame_header_addr,0x1a20,dynamic_buffer_address,0x00000000,0x00000000,1
12,STATS_BHIST0,frame_header_incr,0x1a24,writable_config,0x00000000,0x00000000,1
12,STATS_BHIST0,frame_header_cfg,0x1a28,writable_config,0x00000000,0x00000000,1
12,STATS_BHIST0,irq_subsample_period,0x1a30,writable_config,0x00000000,0x00000000,1
12,STATS_BHIST0,irq_subsample_pattern,0x1a34,writable_config,0x00000001,0x00000001,1
12,STATS_BHIST0,framedrop_period,0x1a38,writable_config,0x00000000,0x00000000,1
12,STATS_BHIST0,framedrop_pattern,0x1a3c,writable_config,0x00000001,0x00000001,1
12,STATS_BHIST0,meta_addr,0x1a40,dynamic_buffer_address,0x00000000,0x00000000,1
12,STATS_BHIST0,meta_cfg,0x1a44,writable_config,0x00000000,0x00000000,1
12,STATS_BHIST0,mode_cfg,0x1a48,writable_config,0x00000000,0x00000000,1
12,STATS_BHIST0,stats_ctrl,0x1a4c,writable_config,0x00000000,0x00000000,1
12,STATS_BHIST0,ctrl_2,0x1a50,writable_config,0x00000000,0x00000000,1
12,STATS_BHIST0,lossy_thresh0,0x1a54,writable_config,0x00000000,0x00000000,1
12,STATS_BHIST0,lossy_thresh1,0x1a58,writable_config,0x00000000,0x00000000,1
12,STATS_BHIST0,lossy_var_offset,0x1a5c,writable_config,0x00000000,0x00000000,1
12,STATS_BHIST0,mmu_prefetch_cfg,0x1a60,writable_config,0x00000000,0x00000000,1
12,STATS_BHIST0,mmu_prefetch_max_offset,0x1a64,writable_config,0x00000000,0x00000000,1
12,STATS_BHIST0,system_cache_cfg,0x1a68,writable_config,0x00000000,0x00000000,1
12,STATS_BHIST0,addr_status0,0x1a70,status_readback,0x164a8000,0x164c0000,0
12,STATS_BHIST0,addr_status1,0x1a74,status_readback,0x00000000,0x00000000,1
12,STATS_BHIST0,addr_status2,0x1a78,status_readback,0x00000000,0x00000000,1
12,STATS_BHIST0,addr_status3,0x1a7c,status_readback,0x164a8000,0x164c0000,0
12,STATS_BHIST0,debug_status_cfg,0x1a80,writable_debug_config,0x00000000,0x00000000,1
12,STATS_BHIST0,debug_status0,0x1a84,status_readback,0x00000000,0x00000000,1
12,STATS_BHIST0,debug_status1,0x1a88,status_readback,0x00000000,0x00000000,1
13,STATS_TINTLESS_BG,cfg,0x1b00,writable_config,0x00010001,0x00010001,1
13,STATS_TINTLESS_BG,image_addr,0x1b04,dynamic_buffer_address,0x172e4000,0x17494000,0
13,STATS_TINTLESS_BG,frame_incr,0x1b08,writable_config,0x00048000,0x00048000,1
13,STATS_TINTLESS_BG,image_cfg0,0x1b0c,writable_config,0x00000000,0x00000000,1
13,STATS_TINTLESS_BG,image_cfg1,0x1b10,writable_config,0x00000000,0x00000000,1
13,STATS_TINTLESS_BG,image_cfg2,0x1b14,writable_config,0x00000001,0x00000001,1
13,STATS_TINTLESS_BG,packer_cfg,0x1b18,writable_config,0x0000000a,0x0000000a,1
13,STATS_TINTLESS_BG,bw_limit,0x1b1c,writable_config,0x00000000,0x00000000,1
13,STATS_TINTLESS_BG,frame_header_addr,0x1b20,dynamic_buffer_address,0x00000000,0x00000000,1
13,STATS_TINTLESS_BG,frame_header_incr,0x1b24,writable_config,0x00000000,0x00000000,1
13,STATS_TINTLESS_BG,frame_header_cfg,0x1b28,writable_config,0x00000000,0x00000000,1
13,STATS_TINTLESS_BG,irq_subsample_period,0x1b30,writable_config,0x00000000,0x00000000,1
13,STATS_TINTLESS_BG,irq_subsample_pattern,0x1b34,writable_config,0x00000001,0x00000001,1
13,STATS_TINTLESS_BG,framedrop_period,0x1b38,writable_config,0x00000000,0x00000000,1
13,STATS_TINTLESS_BG,framedrop_pattern,0x1b3c,writable_config,0x00000001,0x00000001,1
13,STATS_TINTLESS_BG,meta_addr,0x1b40,dynamic_buffer_address,0x00000000,0x00000000,1
13,STATS_TINTLESS_BG,meta_cfg,0x1b44,writable_config,0x00000000,0x00000000,1
13,STATS_TINTLESS_BG,mode_cfg,0x1b48,writable_config,0x00000000,0x00000000,1
13,STATS_TINTLESS_BG,stats_ctrl,0x1b4c,writable_config,0x00000000,0x00000000,1
13,STATS_TINTLESS_BG,ctrl_2,0x1b50,writable_config,0x00000000,0x00000000,1
13,STATS_TINTLESS_BG,lossy_thresh0,0x1b54,writable_config,0x00000000,0x00000000,1
13,STATS_TINTLESS_BG,lossy_thresh1,0x1b58,writable_config,0x00000000,0x00000000,1
13,STATS_TINTLESS_BG,lossy_var_offset,0x1b5c,writable_config,0x00000000,0x00000000,1
13,STATS_TINTLESS_BG,mmu_prefetch_cfg,0x1b60,writable_config,0x00000000,0x00000000,1
13,STATS_TINTLESS_BG,mmu_prefetch_max_offset,0x1b64,writable_config,0x00000000,0x00000000,1
13,STATS_TINTLESS_BG,system_cache_cfg,0x1b68,writable_config,0x00000000,0x00000000,1
13,STATS_TINTLESS_BG,addr_status0,0x1b70,status_readback,0x172e4000,0x17494000,0
13,STATS_TINTLESS_BG,addr_status1,0x1b74,status_readback,0x00000000,0x00000000,1
13,STATS_TINTLESS_BG,addr_status2,0x1b78,status_readback,0x00000000,0x00000000,1
13,STATS_TINTLESS_BG,addr_status3,0x1b7c,status_readback,0x172e4000,0x17494000,0
13,STATS_TINTLESS_BG,debug_status_cfg,0x1b80,writable_debug_config,0x00000000,0x00000000,1
13,STATS_TINTLESS_BG,debug_status0,0x1b84,status_readback,0x00000000,0x00000000,1
13,STATS_TINTLESS_BG,debug_status1,0x1b88,status_readback,0x00000000,0x00000000,1
14,STATS_AWB_BG,cfg,0x1c00,writable_config,0x00010001,0x00010001,1
14,STATS_AWB_BG,image_addr,0x1c04,dynamic_buffer_address,0x168c0000,0x170b8000,0
14,STATS_AWB_BG,frame_incr,0x1c08,writable_config,0x00151800,0x00151800,1
14,STATS_AWB_BG,image_cfg0,0x1c0c,writable_config,0x00000000,0x00000000,1
14,STATS_AWB_BG,image_cfg1,0x1c10,writable_config,0x00000000,0x00000000,1
14,STATS_AWB_BG,image_cfg2,0x1c14,writable_config,0x00000001,0x00000001,1
14,STATS_AWB_BG,packer_cfg,0x1c18,writable_config,0x0000000a,0x0000000a,1
14,STATS_AWB_BG,bw_limit,0x1c1c,writable_config,0x00000000,0x00000000,1
14,STATS_AWB_BG,frame_header_addr,0x1c20,dynamic_buffer_address,0x00000000,0x00000000,1
14,STATS_AWB_BG,frame_header_incr,0x1c24,writable_config,0x00000000,0x00000000,1
14,STATS_AWB_BG,frame_header_cfg,0x1c28,writable_config,0x00000000,0x00000000,1
14,STATS_AWB_BG,irq_subsample_period,0x1c30,writable_config,0x00000000,0x00000000,1
14,STATS_AWB_BG,irq_subsample_pattern,0x1c34,writable_config,0x00000001,0x00000001,1
14,STATS_AWB_BG,framedrop_period,0x1c38,writable_config,0x00000000,0x00000000,1
14,STATS_AWB_BG,framedrop_pattern,0x1c3c,writable_config,0x00000001,0x00000001,1
14,STATS_AWB_BG,meta_addr,0x1c40,dynamic_buffer_address,0x00000000,0x00000000,1
14,STATS_AWB_BG,meta_cfg,0x1c44,writable_config,0x00000000,0x00000000,1
14,STATS_AWB_BG,mode_cfg,0x1c48,writable_config,0x00000000,0x00000000,1
14,STATS_AWB_BG,stats_ctrl,0x1c4c,writable_config,0x00000000,0x00000000,1
14,STATS_AWB_BG,ctrl_2,0x1c50,writable_config,0x00000000,0x00000000,1
14,STATS_AWB_BG,lossy_thresh0,0x1c54,writable_config,0x00000000,0x00000000,1
14,STATS_AWB_BG,lossy_thresh1,0x1c58,writable_config,0x00000000,0x00000000,1
14,STATS_AWB_BG,lossy_var_offset,0x1c5c,writable_config,0x00000000,0x00000000,1
14,STATS_AWB_BG,mmu_prefetch_cfg,0x1c60,writable_config,0x00000000,0x00000000,1
14,STATS_AWB_BG,mmu_prefetch_max_offset,0x1c64,writable_config,0x00000000,0x00000000,1
14,STATS_AWB_BG,system_cache_cfg,0x1c68,writable_config,0x00000000,0x00000000,1
14,STATS_AWB_BG,addr_status0,0x1c70,status_readback,0x168c0000,0x170b8000,0
14,STATS_AWB_BG,addr_status1,0x1c74,status_readback,0x00000000,0x00000000,1
14,STATS_AWB_BG,addr_status2,0x1c78,status_readback,0x00000000,0x00000000,1
14,STATS_AWB_BG,addr_status3,0x1c7c,status_readback,0x168c0000,0x170b8000,0
14,STATS_AWB_BG,debug_status_cfg,0x1c80,writable_debug_config,0x00000000,0x00000000,1
14,STATS_AWB_BG,debug_status0,0x1c84,status_readback,0x00000000,0x00000000,1
14,STATS_AWB_BG,debug_status1,0x1c88,status_readback,0x00000000,0x00000000,1
15,STATS_AWB_BFW,cfg,0x1d00,writable_config,0x00000010,0x00000010,1
15,STATS_AWB_BFW,image_addr,0x1d04,dynamic_buffer_address,0x00000000,0x00000000,1
15,STATS_AWB_BFW,frame_incr,0x1d08,writable_config,0x00000000,0x00000000,1
15,STATS_AWB_BFW,image_cfg0,0x1d0c,writable_config,0x00000000,0x00000000,1
15,STATS_AWB_BFW,image_cfg1,0x1d10,writable_config,0x00000000,0x00000000,1
15,STATS_AWB_BFW,image_cfg2,0x1d14,writable_config,0x00000000,0x00000000,1
15,STATS_AWB_BFW,packer_cfg,0x1d18,writable_config,0x00000000,0x00000000,1
15,STATS_AWB_BFW,bw_limit,0x1d1c,writable_config,0x00000000,0x00000000,1
15,STATS_AWB_BFW,frame_header_addr,0x1d20,dynamic_buffer_address,0x00000000,0x00000000,1
15,STATS_AWB_BFW,frame_header_incr,0x1d24,writable_config,0x00000000,0x00000000,1
15,STATS_AWB_BFW,frame_header_cfg,0x1d28,writable_config,0x00000000,0x00000000,1
15,STATS_AWB_BFW,irq_subsample_period,0x1d30,writable_config,0x00000000,0x00000000,1
15,STATS_AWB_BFW,irq_subsample_pattern,0x1d34,writable_config,0xffffffff,0xffffffff,1
15,STATS_AWB_BFW,framedrop_period,0x1d38,writable_config,0x00000000,0x00000000,1
15,STATS_AWB_BFW,framedrop_pattern,0x1d3c,writable_config,0xffffffff,0xffffffff,1
15,STATS_AWB_BFW,meta_addr,0x1d40,dynamic_buffer_address,0x00000000,0x00000000,1
15,STATS_AWB_BFW,meta_cfg,0x1d44,writable_config,0x00000000,0x00000000,1
15,STATS_AWB_BFW,mode_cfg,0x1d48,writable_config,0x00000000,0x00000000,1
15,STATS_AWB_BFW,stats_ctrl,0x1d4c,writable_config,0x00000000,0x00000000,1
15,STATS_AWB_BFW,ctrl_2,0x1d50,writable_config,0x00000000,0x00000000,1
15,STATS_AWB_BFW,lossy_thresh0,0x1d54,writable_config,0x00000000,0x00000000,1
15,STATS_AWB_BFW,lossy_thresh1,0x1d58,writable_config,0x00000000,0x00000000,1
15,STATS_AWB_BFW,lossy_var_offset,0x1d5c,writable_config,0x00000000,0x00000000,1
15,STATS_AWB_BFW,mmu_prefetch_cfg,0x1d60,writable_config,0x00000000,0x00000000,1
15,STATS_AWB_BFW,mmu_prefetch_max_offset,0x1d64,writable_config,0x00000000,0x00000000,1
15,STATS_AWB_BFW,system_cache_cfg,0x1d68,writable_config,0x00000000,0x00000000,1
15,STATS_AWB_BFW,addr_status0,0x1d70,status_readback,0x00000000,0x00000000,1
15,STATS_AWB_BFW,addr_status1,0x1d74,status_readback,0x00000000,0x00000000,1
15,STATS_AWB_BFW,addr_status2,0x1d78,status_readback,0x00000000,0x00000000,1
15,STATS_AWB_BFW,addr_status3,0x1d7c,status_readback,0x00000000,0x00000000,1
15,STATS_AWB_BFW,debug_status_cfg,0x1d80,writable_debug_config,0x00000000,0x00000000,1
15,STATS_AWB_BFW,debug_status0,0x1d84,status_readback,0x00000000,0x00000000,1
15,STATS_AWB_BFW,debug_status1,0x1d88,status_readback,0x00000000,0x00000000,1
16,STATS_BAF,cfg,0x1e00,writable_config,0x00000010,0x00000010,1
16,STATS_BAF,image_addr,0x1e04,dynamic_buffer_address,0x00000000,0x00000000,1
16,STATS_BAF,frame_incr,0x1e08,writable_config,0x00000000,0x00000000,1
16,STATS_BAF,image_cfg0,0x1e0c,writable_config,0x00000000,0x00000000,1
16,STATS_BAF,image_cfg1,0x1e10,writable_config,0x00000000,0x00000000,1
16,STATS_BAF,image_cfg2,0x1e14,writable_config,0x00000000,0x00000000,1
16,STATS_BAF,packer_cfg,0x1e18,writable_config,0x00000000,0x00000000,1
16,STATS_BAF,bw_limit,0x1e1c,writable_config,0x00000000,0x00000000,1
16,STATS_BAF,frame_header_addr,0x1e20,dynamic_buffer_address,0x00000000,0x00000000,1
16,STATS_BAF,frame_header_incr,0x1e24,writable_config,0x00000000,0x00000000,1
16,STATS_BAF,frame_header_cfg,0x1e28,writable_config,0x00000000,0x00000000,1
16,STATS_BAF,irq_subsample_period,0x1e30,writable_config,0x00000000,0x00000000,1
16,STATS_BAF,irq_subsample_pattern,0x1e34,writable_config,0xffffffff,0xffffffff,1
16,STATS_BAF,framedrop_period,0x1e38,writable_config,0x00000000,0x00000000,1
16,STATS_BAF,framedrop_pattern,0x1e3c,writable_config,0xffffffff,0xffffffff,1
16,STATS_BAF,meta_addr,0x1e40,dynamic_buffer_address,0x00000000,0x00000000,1
16,STATS_BAF,meta_cfg,0x1e44,writable_config,0x00000000,0x00000000,1
16,STATS_BAF,mode_cfg,0x1e48,writable_config,0x00000000,0x00000000,1
16,STATS_BAF,stats_ctrl,0x1e4c,writable_config,0x00000000,0x00000000,1
16,STATS_BAF,ctrl_2,0x1e50,writable_config,0x00000000,0x00000000,1
16,STATS_BAF,lossy_thresh0,0x1e54,writable_config,0x00000000,0x00000000,1
16,STATS_BAF,lossy_thresh1,0x1e58,writable_config,0x00000000,0x00000000,1
16,STATS_BAF,lossy_var_offset,0x1e5c,writable_config,0x00000000,0x00000000,1
16,STATS_BAF,mmu_prefetch_cfg,0x1e60,writable_config,0x00000000,0x00000000,1
16,STATS_BAF,mmu_prefetch_max_offset,0x1e64,writable_config,0x00000000,0x00000000,1
16,STATS_BAF,system_cache_cfg,0x1e68,writable_config,0x00000000,0x00000000,1
16,STATS_BAF,addr_status0,0x1e70,status_readback,0x00000000,0x00000000,1
16,STATS_BAF,addr_status1,0x1e74,status_readback,0x00000000,0x00000000,1
16,STATS_BAF,addr_status2,0x1e78,status_readback,0x00000000,0x00000000,1
16,STATS_BAF,addr_status3,0x1e7c,status_readback,0x00000000,0x00000000,1
16,STATS_BAF,debug_status_cfg,0x1e80,writable_debug_config,0x00000000,0x00000000,1
16,STATS_BAF,debug_status0,0x1e84,status_readback,0x00000000,0x00000000,1
16,STATS_BAF,debug_status1,0x1e88,status_readback,0x00000000,0x00000000,1
17,STATS_BHIST,cfg,0x1f00,writable_config,0x00000010,0x00000010,1
17,STATS_BHIST,image_addr,0x1f04,dynamic_buffer_address,0x00000000,0x00000000,1
17,STATS_BHIST,frame_incr,0x1f08,writable_config,0x00000000,0x00000000,1
17,STATS_BHIST,image_cfg0,0x1f0c,writable_config,0x00000000,0x00000000,1
17,STATS_BHIST,image_cfg1,0x1f10,writable_config,0x00000000,0x00000000,1
17,STATS_BHIST,image_cfg2,0x1f14,writable_config,0x00000000,0x00000000,1
17,STATS_BHIST,packer_cfg,0x1f18,writable_config,0x00000000,0x00000000,1
17,STATS_BHIST,bw_limit,0x1f1c,writable_config,0x00000000,0x00000000,1
17,STATS_BHIST,frame_header_addr,0x1f20,dynamic_buffer_address,0x00000000,0x00000000,1
17,STATS_BHIST,frame_header_incr,0x1f24,writable_config,0x00000000,0x00000000,1
17,STATS_BHIST,frame_header_cfg,0x1f28,writable_config,0x00000000,0x00000000,1
17,STATS_BHIST,irq_subsample_period,0x1f30,writable_config,0x00000000,0x00000000,1
17,STATS_BHIST,irq_subsample_pattern,0x1f34,writable_config,0xffffffff,0xffffffff,1
17,STATS_BHIST,framedrop_period,0x1f38,writable_config,0x00000000,0x00000000,1
17,STATS_BHIST,framedrop_pattern,0x1f3c,writable_config,0xffffffff,0xffffffff,1
17,STATS_BHIST,meta_addr,0x1f40,dynamic_buffer_address,0x00000000,0x00000000,1
17,STATS_BHIST,meta_cfg,0x1f44,writable_config,0x00000000,0x00000000,1
17,STATS_BHIST,mode_cfg,0x1f48,writable_config,0x00000000,0x00000000,1
17,STATS_BHIST,stats_ctrl,0x1f4c,writable_config,0x00000000,0x00000000,1
17,STATS_BHIST,ctrl_2,0x1f50,writable_config,0x00000000,0x00000000,1
17,STATS_BHIST,lossy_thresh0,0x1f54,writable_config,0x00000000,0x00000000,1
17,STATS_BHIST,lossy_thresh1,0x1f58,writable_config,0x00000000,0x00000000,1
17,STATS_BHIST,lossy_var_offset,0x1f5c,writable_config,0x00000000,0x00000000,1
17,STATS_BHIST,mmu_prefetch_cfg,0x1f60,writable_config,0x00000000,0x00000000,1
17,STATS_BHIST,mmu_prefetch_max_offset,0x1f64,writable_config,0x00000000,0x00000000,1
17,STATS_BHIST,system_cache_cfg,0x1f68,writable_config,0x00000000,0x00000000,1
17,STATS_BHIST,addr_status0,0x1f70,status_readback,0x00000000,0x00000000,1
17,STATS_BHIST,addr_status1,0x1f74,status_readback,0x00000000,0x00000000,1
17,STATS_BHIST,addr_status2,0x1f78,status_readback,0x00000000,0x00000000,1
17,STATS_BHIST,addr_status3,0x1f7c,status_readback,0x00000000,0x00000000,1
17,STATS_BHIST,debug_status_cfg,0x1f80,writable_debug_config,0x00000000,0x00000000,1
17,STATS_BHIST,debug_status0,0x1f84,status_readback,0x00000000,0x00000000,1
17,STATS_BHIST,debug_status1,0x1f88,status_readback,0x00000000,0x00000000,1
18,STATS_RS,cfg,0x2000,writable_config,0x00010001,0x00010001,1
18,STATS_RS,image_addr,0x2004,dynamic_buffer_address,0x1642c000,0x1648c000,0
18,STATS_RS,frame_incr,0x2008,writable_config,0x00010000,0x00010000,1
18,STATS_RS,image_cfg0,0x200c,writable_config,0x00000000,0x00000000,1
18,STATS_RS,image_cfg1,0x2010,writable_config,0x00000000,0x00000000,1
18,STATS_RS,image_cfg2,0x2014,writable_config,0x00000001,0x00000001,1
18,STATS_RS,packer_cfg,0x2018,writable_config,0x00000008,0x00000008,1
18,STATS_RS,bw_limit,0x201c,writable_config,0x00000000,0x00000000,1
18,STATS_RS,frame_header_addr,0x2020,dynamic_buffer_address,0x00000000,0x00000000,1
18,STATS_RS,frame_header_incr,0x2024,writable_config,0x00000000,0x00000000,1
18,STATS_RS,frame_header_cfg,0x2028,writable_config,0x00000000,0x00000000,1
18,STATS_RS,irq_subsample_period,0x2030,writable_config,0x00000000,0x00000000,1
18,STATS_RS,irq_subsample_pattern,0x2034,writable_config,0x00000001,0x00000001,1
18,STATS_RS,framedrop_period,0x2038,writable_config,0x00000000,0x00000000,1
18,STATS_RS,framedrop_pattern,0x203c,writable_config,0x00000001,0x00000001,1
18,STATS_RS,meta_addr,0x2040,dynamic_buffer_address,0x00000000,0x00000000,1
18,STATS_RS,meta_cfg,0x2044,writable_config,0x00000000,0x00000000,1
18,STATS_RS,mode_cfg,0x2048,writable_config,0x00000000,0x00000000,1
18,STATS_RS,stats_ctrl,0x204c,writable_config,0x00000000,0x00000000,1
18,STATS_RS,ctrl_2,0x2050,writable_config,0x00000000,0x00000000,1
18,STATS_RS,lossy_thresh0,0x2054,writable_config,0x00000000,0x00000000,1
18,STATS_RS,lossy_thresh1,0x2058,writable_config,0x00000000,0x00000000,1
18,STATS_RS,lossy_var_offset,0x205c,writable_config,0x00000000,0x00000000,1
18,STATS_RS,mmu_prefetch_cfg,0x2060,writable_config,0x00000000,0x00000000,1
18,STATS_RS,mmu_prefetch_max_offset,0x2064,writable_config,0x00000000,0x00000000,1
18,STATS_RS,system_cache_cfg,0x2068,writable_config,0x00000000,0x00000000,1
18,STATS_RS,addr_status0,0x2070,status_readback,0x1642c000,0x1648c000,0
18,STATS_RS,addr_status1,0x2074,status_readback,0x00000000,0x00000000,1
18,STATS_RS,addr_status2,0x2078,status_readback,0x00000000,0x00000000,1
18,STATS_RS,addr_status3,0x207c,status_readback,0x1642c000,0x1648c000,0
18,STATS_RS,debug_status_cfg,0x2080,writable_debug_config,0x00000000,0x00000000,1
18,STATS_RS,debug_status0,0x2084,status_readback,0x00000000,0x00000000,1
18,STATS_RS,debug_status1,0x2088,status_readback,0x00000000,0x00000000,1
19,STATS_IHIST,cfg,0x2100,writable_config,0x00000010,0x00000010,1
19,STATS_IHIST,image_addr,0x2104,dynamic_buffer_address,0x00000000,0x00000000,1
19,STATS_IHIST,frame_incr,0x2108,writable_config,0x00000000,0x00000000,1
19,STATS_IHIST,image_cfg0,0x210c,writable_config,0x00000000,0x00000000,1
19,STATS_IHIST,image_cfg1,0x2110,writable_config,0x00000000,0x00000000,1
19,STATS_IHIST,image_cfg2,0x2114,writable_config,0x00000000,0x00000000,1
19,STATS_IHIST,packer_cfg,0x2118,writable_config,0x00000000,0x00000000,1
19,STATS_IHIST,bw_limit,0x211c,writable_config,0x00000000,0x00000000,1
19,STATS_IHIST,frame_header_addr,0x2120,dynamic_buffer_address,0x00000000,0x00000000,1
19,STATS_IHIST,frame_header_incr,0x2124,writable_config,0x00000000,0x00000000,1
19,STATS_IHIST,frame_header_cfg,0x2128,writable_config,0x00000000,0x00000000,1
19,STATS_IHIST,irq_subsample_period,0x2130,writable_config,0x00000000,0x00000000,1
19,STATS_IHIST,irq_subsample_pattern,0x2134,writable_config,0xffffffff,0xffffffff,1
19,STATS_IHIST,framedrop_period,0x2138,writable_config,0x00000000,0x00000000,1
19,STATS_IHIST,framedrop_pattern,0x213c,writable_config,0xffffffff,0xffffffff,1
19,STATS_IHIST,meta_addr,0x2140,dynamic_buffer_address,0x00000000,0x00000000,1
19,STATS_IHIST,meta_cfg,0x2144,writable_config,0x00000000,0x00000000,1
19,STATS_IHIST,mode_cfg,0x2148,writable_config,0x00000000,0x00000000,1
19,STATS_IHIST,stats_ctrl,0x214c,writable_config,0x00000000,0x00000000,1
19,STATS_IHIST,ctrl_2,0x2150,writable_config,0x00000000,0x00000000,1
19,STATS_IHIST,lossy_thresh0,0x2154,writable_config,0x00000000,0x00000000,1
19,STATS_IHIST,lossy_thresh1,0x2158,writable_config,0x00000000,0x00000000,1
19,STATS_IHIST,lossy_var_offset,0x215c,writable_config,0x00000000,0x00000000,1
19,STATS_IHIST,mmu_prefetch_cfg,0x2160,writable_config,0x00000000,0x00000000,1
19,STATS_IHIST,mmu_prefetch_max_offset,0x2164,writable_config,0x00000000,0x00000000,1
19,STATS_IHIST,system_cache_cfg,0x2168,writable_config,0x00000000,0x00000000,1
19,STATS_IHIST,addr_status0,0x2170,status_readback,0x00000000,0x00000000,1
19,STATS_IHIST,addr_status1,0x2174,status_readback,0x00000000,0x00000000,1
19,STATS_IHIST,addr_status2,0x2178,status_readback,0x00000000,0x00000000,1
19,STATS_IHIST,addr_status3,0x217c,status_readback,0x00000000,0x00000000,1
19,STATS_IHIST,debug_status_cfg,0x2180,writable_debug_config,0x00000000,0x00000000,1
19,STATS_IHIST,debug_status0,0x2184,status_readback,0x00000000,0x00000000,1
19,STATS_IHIST,debug_status1,0x2188,status_readback,0x00000000,0x00000000,1
20,SPARSE_PD,cfg,0x2200,writable_config,0x00000010,0x00000010,1
20,SPARSE_PD,image_addr,0x2204,dynamic_buffer_address,0x00000000,0x00000000,1
20,SPARSE_PD,frame_incr,0x2208,writable_config,0x00000000,0x00000000,1
20,SPARSE_PD,image_cfg0,0x220c,writable_config,0x00000000,0x00000000,1
20,SPARSE_PD,image_cfg1,0x2210,writable_config,0x00000000,0x00000000,1
20,SPARSE_PD,image_cfg2,0x2214,writable_config,0x00000000,0x00000000,1
20,SPARSE_PD,packer_cfg,0x2218,writable_config,0x00000000,0x00000000,1
20,SPARSE_PD,bw_limit,0x221c,writable_config,0x00000000,0x00000000,1
20,SPARSE_PD,frame_header_addr,0x2220,dynamic_buffer_address,0x00000000,0x00000000,1
20,SPARSE_PD,frame_header_incr,0x2224,writable_config,0x00000000,0x00000000,1
20,SPARSE_PD,frame_header_cfg,0x2228,writable_config,0x00000000,0x00000000,1
20,SPARSE_PD,irq_subsample_period,0x2230,writable_config,0x00000000,0x00000000,1
20,SPARSE_PD,irq_subsample_pattern,0x2234,writable_config,0xffffffff,0xffffffff,1
20,SPARSE_PD,framedrop_period,0x2238,writable_config,0x00000000,0x00000000,1
20,SPARSE_PD,framedrop_pattern,0x223c,writable_config,0xffffffff,0xffffffff,1
20,SPARSE_PD,meta_addr,0x2240,dynamic_buffer_address,0x00000000,0x00000000,1
20,SPARSE_PD,meta_cfg,0x2244,writable_config,0x00000000,0x00000000,1
20,SPARSE_PD,mode_cfg,0x2248,writable_config,0x00000000,0x00000000,1
20,SPARSE_PD,stats_ctrl,0x224c,writable_config,0x00000000,0x00000000,1
20,SPARSE_PD,ctrl_2,0x2250,writable_config,0x00000000,0x00000000,1
20,SPARSE_PD,lossy_thresh0,0x2254,writable_config,0x00000000,0x00000000,1
20,SPARSE_PD,lossy_thresh1,0x2258,writable_config,0x00000000,0x00000000,1
20,SPARSE_PD,lossy_var_offset,0x225c,writable_config,0x00000000,0x00000000,1
20,SPARSE_PD,mmu_prefetch_cfg,0x2260,writable_config,0x00000000,0x00000000,1
20,SPARSE_PD,mmu_prefetch_max_offset,0x2264,writable_config,0x00000000,0x00000000,1
20,SPARSE_PD,system_cache_cfg,0x2268,writable_config,0x00000000,0x00000000,1
20,SPARSE_PD,addr_status0,0x2270,status_readback,0x00000000,0x00000000,1
20,SPARSE_PD,addr_status1,0x2274,status_readback,0x00000000,0x00000000,1
20,SPARSE_PD,addr_status2,0x2278,status_readback,0x00000000,0x00000000,1
20,SPARSE_PD,addr_status3,0x227c,status_readback,0x00000000,0x00000000,1
20,SPARSE_PD,debug_status_cfg,0x2280,writable_debug_config,0x00000000,0x00000000,1
20,SPARSE_PD,debug_status0,0x2284,status_readback,0x00000000,0x00000000,1
20,SPARSE_PD,debug_status1,0x2288,status_readback,0x00000000,0x00000000,1
21,PDAF_PD_DATA,cfg,0x2300,writable_config,0x00000010,0x00000010,1
21,PDAF_PD_DATA,image_addr,0x2304,dynamic_buffer_address,0x00000000,0x00000000,1
21,PDAF_PD_DATA,frame_incr,0x2308,writable_config,0x00000000,0x00000000,1
21,PDAF_PD_DATA,image_cfg0,0x230c,writable_config,0x00000000,0x00000000,1
21,PDAF_PD_DATA,image_cfg1,0x2310,writable_config,0x00000000,0x00000000,1
21,PDAF_PD_DATA,image_cfg2,0x2314,writable_config,0x00000000,0x00000000,1
21,PDAF_PD_DATA,packer_cfg,0x2318,writable_config,0x00000000,0x00000000,1
21,PDAF_PD_DATA,bw_limit,0x231c,writable_config,0x00000000,0x00000000,1
21,PDAF_PD_DATA,frame_header_addr,0x2320,dynamic_buffer_address,0x00000000,0x00000000,1
21,PDAF_PD_DATA,frame_header_incr,0x2324,writable_config,0x00000000,0x00000000,1
21,PDAF_PD_DATA,frame_header_cfg,0x2328,writable_config,0x00000000,0x00000000,1
21,PDAF_PD_DATA,irq_subsample_period,0x2330,writable_config,0x00000000,0x00000000,1
21,PDAF_PD_DATA,irq_subsample_pattern,0x2334,writable_config,0xffffffff,0xffffffff,1
21,PDAF_PD_DATA,framedrop_period,0x2338,writable_config,0x00000000,0x00000000,1
21,PDAF_PD_DATA,framedrop_pattern,0x233c,writable_config,0xffffffff,0xffffffff,1
21,PDAF_PD_DATA,meta_addr,0x2340,dynamic_buffer_address,0x00000000,0x00000000,1
21,PDAF_PD_DATA,meta_cfg,0x2344,writable_config,0x00000000,0x00000000,1
21,PDAF_PD_DATA,mode_cfg,0x2348,writable_config,0x00000000,0x00000000,1
21,PDAF_PD_DATA,stats_ctrl,0x234c,writable_config,0x00000000,0x00000000,1
21,PDAF_PD_DATA,ctrl_2,0x2350,writable_config,0x00000000,0x00000000,1
21,PDAF_PD_DATA,lossy_thresh0,0x2354,writable_config,0x00000000,0x00000000,1
21,PDAF_PD_DATA,lossy_thresh1,0x2358,writable_config,0x00000000,0x00000000,1
21,PDAF_PD_DATA,lossy_var_offset,0x235c,writable_config,0x00000000,0x00000000,1
21,PDAF_PD_DATA,mmu_prefetch_cfg,0x2360,writable_config,0x00000000,0x00000000,1
21,PDAF_PD_DATA,mmu_prefetch_max_offset,0x2364,writable_config,0x00000000,0x00000000,1
21,PDAF_PD_DATA,system_cache_cfg,0x2368,writable_config,0x00000000,0x00000000,1
21,PDAF_PD_DATA,addr_status0,0x2370,status_readback,0x00000000,0x00000000,1
21,PDAF_PD_DATA,addr_status1,0x2374,status_readback,0x00000000,0x00000000,1
21,PDAF_PD_DATA,addr_status2,0x2378,status_readback,0x00000000,0x00000000,1
21,PDAF_PD_DATA,addr_status3,0x237c,status_readback,0x00000000,0x00000000,1
21,PDAF_PD_DATA,debug_status_cfg,0x2380,writable_debug_config,0x00000000,0x00000000,1
21,PDAF_PD_DATA,debug_status0,0x2384,status_readback,0x00000000,0x00000000,1
21,PDAF_PD_DATA,debug_status1,0x2388,status_readback,0x00000000,0x00000000,1
22,PDAF_SAD,cfg,0x2400,writable_config,0x00000010,0x00000010,1
22,PDAF_SAD,image_addr,0x2404,dynamic_buffer_address,0x00000000,0x00000000,1
22,PDAF_SAD,frame_incr,0x2408,writable_config,0x00000000,0x00000000,1
22,PDAF_SAD,image_cfg0,0x240c,writable_config,0x00000000,0x00000000,1
22,PDAF_SAD,image_cfg1,0x2410,writable_config,0x00000000,0x00000000,1
22,PDAF_SAD,image_cfg2,0x2414,writable_config,0x00000000,0x00000000,1
22,PDAF_SAD,packer_cfg,0x2418,writable_config,0x00000000,0x00000000,1
22,PDAF_SAD,bw_limit,0x241c,writable_config,0x00000000,0x00000000,1
22,PDAF_SAD,frame_header_addr,0x2420,dynamic_buffer_address,0x00000000,0x00000000,1
22,PDAF_SAD,frame_header_incr,0x2424,writable_config,0x00000000,0x00000000,1
22,PDAF_SAD,frame_header_cfg,0x2428,writable_config,0x00000000,0x00000000,1
22,PDAF_SAD,irq_subsample_period,0x2430,writable_config,0x00000000,0x00000000,1
22,PDAF_SAD,irq_subsample_pattern,0x2434,writable_config,0xffffffff,0xffffffff,1
22,PDAF_SAD,framedrop_period,0x2438,writable_config,0x00000000,0x00000000,1
22,PDAF_SAD,framedrop_pattern,0x243c,writable_config,0xffffffff,0xffffffff,1
22,PDAF_SAD,meta_addr,0x2440,dynamic_buffer_address,0x00000000,0x00000000,1
22,PDAF_SAD,meta_cfg,0x2444,writable_config,0x00000000,0x00000000,1
22,PDAF_SAD,mode_cfg,0x2448,writable_config,0x00000000,0x00000000,1
22,PDAF_SAD,stats_ctrl,0x244c,writable_config,0x00000000,0x00000000,1
22,PDAF_SAD,ctrl_2,0x2450,writable_config,0x00000000,0x00000000,1
22,PDAF_SAD,lossy_thresh0,0x2454,writable_config,0x00000000,0x00000000,1
22,PDAF_SAD,lossy_thresh1,0x2458,writable_config,0x00000000,0x00000000,1
22,PDAF_SAD,lossy_var_offset,0x245c,writable_config,0x00000000,0x00000000,1
22,PDAF_SAD,mmu_prefetch_cfg,0x2460,writable_config,0x00000000,0x00000000,1
22,PDAF_SAD,mmu_prefetch_max_offset,0x2464,writable_config,0x00000000,0x00000000,1
22,PDAF_SAD,system_cache_cfg,0x2468,writable_config,0x00000000,0x00000000,1
22,PDAF_SAD,addr_status0,0x2470,status_readback,0x00000000,0x00000000,1
22,PDAF_SAD,addr_status1,0x2474,status_readback,0x00000000,0x00000000,1
22,PDAF_SAD,addr_status2,0x2478,status_readback,0x00000000,0x00000000,1
22,PDAF_SAD,addr_status3,0x247c,status_readback,0x00000000,0x00000000,1
22,PDAF_SAD,debug_status_cfg,0x2480,writable_debug_config,0x00000000,0x00000000,1
22,PDAF_SAD,debug_status0,0x2484,status_readback,0x00000000,0x00000000,1
22,PDAF_SAD,debug_status1,0x2488,status_readback,0x00000000,0x00000000,1
23,LCR,cfg,0x2500,writable_config,0x00000010,0x00000010,1
23,LCR,image_addr,0x2504,dynamic_buffer_address,0x00000000,0x00000000,1
23,LCR,frame_incr,0x2508,writable_config,0x00000000,0x00000000,1
23,LCR,image_cfg0,0x250c,writable_config,0x00000000,0x00000000,1
23,LCR,image_cfg1,0x2510,writable_config,0x00000000,0x00000000,1
23,LCR,image_cfg2,0x2514,writable_config,0x00000000,0x00000000,1
23,LCR,packer_cfg,0x2518,writable_config,0x00000000,0x00000000,1
23,LCR,bw_limit,0x251c,writable_config,0x00000000,0x00000000,1
23,LCR,frame_header_addr,0x2520,dynamic_buffer_address,0x00000000,0x00000000,1
23,LCR,frame_header_incr,0x2524,writable_config,0x00000000,0x00000000,1
23,LCR,frame_header_cfg,0x2528,writable_config,0x00000000,0x00000000,1
23,LCR,irq_subsample_period,0x2530,writable_config,0x00000000,0x00000000,1
23,LCR,irq_subsample_pattern,0x2534,writable_config,0xffffffff,0xffffffff,1
23,LCR,framedrop_period,0x2538,writable_config,0x00000000,0x00000000,1
23,LCR,framedrop_pattern,0x253c,writable_config,0xffffffff,0xffffffff,1
23,LCR,meta_addr,0x2540,dynamic_buffer_address,0x00000000,0x00000000,1
23,LCR,meta_cfg,0x2544,writable_config,0x00000000,0x00000000,1
23,LCR,mode_cfg,0x2548,writable_config,0x00000000,0x00000000,1
23,LCR,stats_ctrl,0x254c,writable_config,0x00000000,0x00000000,1
23,LCR,ctrl_2,0x2550,writable_config,0x00000000,0x00000000,1
23,LCR,lossy_thresh0,0x2554,writable_config,0x00000000,0x00000000,1
23,LCR,lossy_thresh1,0x2558,writable_config,0x00000000,0x00000000,1
23,LCR,lossy_var_offset,0x255c,writable_config,0x00000000,0x00000000,1
23,LCR,mmu_prefetch_cfg,0x2560,writable_config,0x00000000,0x00000000,1
23,LCR,mmu_prefetch_max_offset,0x2564,writable_config,0x00000000,0x00000000,1
23,LCR,system_cache_cfg,0x2568,writable_config,0x00000000,0x00000000,1
23,LCR,addr_status0,0x2570,status_readback,0x00000000,0x00000000,1
23,LCR,addr_status1,0x2574,status_readback,0x00000000,0x00000000,1
23,LCR,addr_status2,0x2578,status_readback,0x00000000,0x00000000,1
23,LCR,addr_status3,0x257c,status_readback,0x00000000,0x00000000,1
23,LCR,debug_status_cfg,0x2580,writable_debug_config,0x00000000,0x00000000,1
23,LCR,debug_status0,0x2584,status_readback,0x00000000,0x00000000,1
23,LCR,debug_status1,0x2588,status_readback,0x00000000,0x00000000,1
24,RDI0,cfg,0x2600,writable_config,0x00000010,0x00000010,1
24,RDI0,image_addr,0x2604,dynamic_buffer_address,0x00000000,0x00000000,1
24,RDI0,frame_incr,0x2608,writable_config,0x00000000,0x00000000,1
24,RDI0,image_cfg0,0x260c,writable_config,0x00000000,0x00000000,1
24,RDI0,image_cfg1,0x2610,writable_config,0x00000000,0x00000000,1
24,RDI0,image_cfg2,0x2614,writable_config,0x00000000,0x00000000,1
24,RDI0,packer_cfg,0x2618,writable_config,0x00000000,0x00000000,1
24,RDI0,bw_limit,0x261c,writable_config,0x00000000,0x00000000,1
24,RDI0,frame_header_addr,0x2620,dynamic_buffer_address,0x00000000,0x00000000,1
24,RDI0,frame_header_incr,0x2624,writable_config,0x00000000,0x00000000,1
24,RDI0,frame_header_cfg,0x2628,writable_config,0x00000000,0x00000000,1
24,RDI0,irq_subsample_period,0x2630,writable_config,0x00000000,0x00000000,1
24,RDI0,irq_subsample_pattern,0x2634,writable_config,0xffffffff,0xffffffff,1
24,RDI0,framedrop_period,0x2638,writable_config,0x00000000,0x00000000,1
24,RDI0,framedrop_pattern,0x263c,writable_config,0xffffffff,0xffffffff,1
24,RDI0,meta_addr,0x2640,dynamic_buffer_address,0x00000000,0x00000000,1
24,RDI0,meta_cfg,0x2644,writable_config,0x00000000,0x00000000,1
24,RDI0,mode_cfg,0x2648,writable_config,0x00000000,0x00000000,1
24,RDI0,stats_ctrl,0x264c,writable_config,0x00000000,0x00000000,1
24,RDI0,ctrl_2,0x2650,writable_config,0x00000000,0x00000000,1
24,RDI0,lossy_thresh0,0x2654,writable_config,0x00000000,0x00000000,1
24,RDI0,lossy_thresh1,0x2658,writable_config,0x00000000,0x00000000,1
24,RDI0,lossy_var_offset,0x265c,writable_config,0x00000000,0x00000000,1
24,RDI0,mmu_prefetch_cfg,0x2660,writable_config,0x00000000,0x00000000,1
24,RDI0,mmu_prefetch_max_offset,0x2664,writable_config,0x00000000,0x00000000,1
24,RDI0,system_cache_cfg,0x2668,writable_config,0x00000000,0x00000000,1
24,RDI0,addr_status0,0x2670,status_readback,0x00000000,0x00000000,1
24,RDI0,addr_status1,0x2674,status_readback,0x00000000,0x00000000,1
24,RDI0,addr_status2,0x2678,status_readback,0x00000000,0x00000000,1
24,RDI0,addr_status3,0x267c,status_readback,0x00000000,0x00000000,1
24,RDI0,debug_status_cfg,0x2680,writable_debug_config,0x00000000,0x00000000,1
24,RDI0,debug_status0,0x2684,status_readback,0x00000000,0x00000000,1
24,RDI0,debug_status1,0x2688,status_readback,0x00000000,0x00000000,1
25,RDI1,cfg,0x2700,writable_config,0x00000010,0x00000010,1
25,RDI1,image_addr,0x2704,dynamic_buffer_address,0x00000000,0x00000000,1
25,RDI1,frame_incr,0x2708,writable_config,0x00000000,0x00000000,1
25,RDI1,image_cfg0,0x270c,writable_config,0x00000000,0x00000000,1
25,RDI1,image_cfg1,0x2710,writable_config,0x00000000,0x00000000,1
25,RDI1,image_cfg2,0x2714,writable_config,0x00000000,0x00000000,1
25,RDI1,packer_cfg,0x2718,writable_config,0x00000000,0x00000000,1
25,RDI1,bw_limit,0x271c,writable_config,0x00000000,0x00000000,1
25,RDI1,frame_header_addr,0x2720,dynamic_buffer_address,0x00000000,0x00000000,1
25,RDI1,frame_header_incr,0x2724,writable_config,0x00000000,0x00000000,1
25,RDI1,frame_header_cfg,0x2728,writable_config,0x00000000,0x00000000,1
25,RDI1,irq_subsample_period,0x2730,writable_config,0x00000000,0x00000000,1
25,RDI1,irq_subsample_pattern,0x2734,writable_config,0xffffffff,0xffffffff,1
25,RDI1,framedrop_period,0x2738,writable_config,0x00000000,0x00000000,1
25,RDI1,framedrop_pattern,0x273c,writable_config,0xffffffff,0xffffffff,1
25,RDI1,meta_addr,0x2740,dynamic_buffer_address,0x00000000,0x00000000,1
25,RDI1,meta_cfg,0x2744,writable_config,0x00000000,0x00000000,1
25,RDI1,mode_cfg,0x2748,writable_config,0x00000000,0x00000000,1
25,RDI1,stats_ctrl,0x274c,writable_config,0x00000000,0x00000000,1
25,RDI1,ctrl_2,0x2750,writable_config,0x00000000,0x00000000,1
25,RDI1,lossy_thresh0,0x2754,writable_config,0x00000000,0x00000000,1
25,RDI1,lossy_thresh1,0x2758,writable_config,0x00000000,0x00000000,1
25,RDI1,lossy_var_offset,0x275c,writable_config,0x00000000,0x00000000,1
25,RDI1,mmu_prefetch_cfg,0x2760,writable_config,0x00000000,0x00000000,1
25,RDI1,mmu_prefetch_max_offset,0x2764,writable_config,0x00000000,0x00000000,1
25,RDI1,system_cache_cfg,0x2768,writable_config,0x00000000,0x00000000,1
25,RDI1,addr_status0,0x2770,status_readback,0x00000000,0x00000000,1
25,RDI1,addr_status1,0x2774,status_readback,0x00000000,0x00000000,1
25,RDI1,addr_status2,0x2778,status_readback,0x00000000,0x00000000,1
25,RDI1,addr_status3,0x277c,status_readback,0x00000000,0x00000000,1
25,RDI1,debug_status_cfg,0x2780,writable_debug_config,0x00000000,0x00000000,1
25,RDI1,debug_status0,0x2784,status_readback,0x00000000,0x00000000,1
25,RDI1,debug_status1,0x2788,status_readback,0x00000000,0x00000000,1
26,RDI2,cfg,0x2800,writable_config,0x00000010,0x00000010,1
26,RDI2,image_addr,0x2804,dynamic_buffer_address,0x00000000,0x00000000,1
26,RDI2,frame_incr,0x2808,writable_config,0x00000000,0x00000000,1
26,RDI2,image_cfg0,0x280c,writable_config,0x00000000,0x00000000,1
26,RDI2,image_cfg1,0x2810,writable_config,0x00000000,0x00000000,1
26,RDI2,image_cfg2,0x2814,writable_config,0x00000000,0x00000000,1
26,RDI2,packer_cfg,0x2818,writable_config,0x00000000,0x00000000,1
26,RDI2,bw_limit,0x281c,writable_config,0x00000000,0x00000000,1
26,RDI2,frame_header_addr,0x2820,dynamic_buffer_address,0x00000000,0x00000000,1
26,RDI2,frame_header_incr,0x2824,writable_config,0x00000000,0x00000000,1
26,RDI2,frame_header_cfg,0x2828,writable_config,0x00000000,0x00000000,1
26,RDI2,irq_subsample_period,0x2830,writable_config,0x00000000,0x00000000,1
26,RDI2,irq_subsample_pattern,0x2834,writable_config,0xffffffff,0xffffffff,1
26,RDI2,framedrop_period,0x2838,writable_config,0x00000000,0x00000000,1
26,RDI2,framedrop_pattern,0x283c,writable_config,0xffffffff,0xffffffff,1
26,RDI2,meta_addr,0x2840,dynamic_buffer_address,0x00000000,0x00000000,1
26,RDI2,meta_cfg,0x2844,writable_config,0x00000000,0x00000000,1
26,RDI2,mode_cfg,0x2848,writable_config,0x00000000,0x00000000,1
26,RDI2,stats_ctrl,0x284c,writable_config,0x00000000,0x00000000,1
26,RDI2,ctrl_2,0x2850,writable_config,0x00000000,0x00000000,1
26,RDI2,lossy_thresh0,0x2854,writable_config,0x00000000,0x00000000,1
26,RDI2,lossy_thresh1,0x2858,writable_config,0x00000000,0x00000000,1
26,RDI2,lossy_var_offset,0x285c,writable_config,0x00000000,0x00000000,1
26,RDI2,mmu_prefetch_cfg,0x2860,writable_config,0x00000000,0x00000000,1
26,RDI2,mmu_prefetch_max_offset,0x2864,writable_config,0x00000000,0x00000000,1
26,RDI2,system_cache_cfg,0x2868,writable_config,0x00000000,0x00000000,1
26,RDI2,addr_status0,0x2870,status_readback,0x00000000,0x00000000,1
26,RDI2,addr_status1,0x2874,status_readback,0x00000000,0x00000000,1
26,RDI2,addr_status2,0x2878,status_readback,0x00000000,0x00000000,1
26,RDI2,addr_status3,0x287c,status_readback,0x00000000,0x00000000,1
26,RDI2,debug_status_cfg,0x2880,writable_debug_config,0x00000000,0x00000000,1
26,RDI2,debug_status0,0x2884,status_readback,0x00000000,0x00000000,1
26,RDI2,debug_status1,0x2888,status_readback,0x00000000,0x00000000,1
27,LTM_STATS,cfg,0x2900,writable_config,0x00000010,0x00000010,1
27,LTM_STATS,image_addr,0x2904,dynamic_buffer_address,0x00000000,0x00000000,1
27,LTM_STATS,frame_incr,0x2908,writable_config,0x00000000,0x00000000,1
27,LTM_STATS,image_cfg0,0x290c,writable_config,0x00000000,0x00000000,1
27,LTM_STATS,image_cfg1,0x2910,writable_config,0x00000000,0x00000000,1
27,LTM_STATS,image_cfg2,0x2914,writable_config,0x00000000,0x00000000,1
27,LTM_STATS,packer_cfg,0x2918,writable_config,0x00000000,0x00000000,1
27,LTM_STATS,bw_limit,0x291c,writable_config,0x00000000,0x00000000,1
27,LTM_STATS,frame_header_addr,0x2920,dynamic_buffer_address,0x00000000,0x00000000,1
27,LTM_STATS,frame_header_incr,0x2924,writable_config,0x00000000,0x00000000,1
27,LTM_STATS,frame_header_cfg,0x2928,writable_config,0x00000000,0x00000000,1
27,LTM_STATS,irq_subsample_period,0x2930,writable_config,0x00000000,0x00000000,1
27,LTM_STATS,irq_subsample_pattern,0x2934,writable_config,0xffffffff,0xffffffff,1
27,LTM_STATS,framedrop_period,0x2938,writable_config,0x00000000,0x00000000,1
27,LTM_STATS,framedrop_pattern,0x293c,writable_config,0xffffffff,0xffffffff,1
27,LTM_STATS,meta_addr,0x2940,dynamic_buffer_address,0x00000000,0x00000000,1
27,LTM_STATS,meta_cfg,0x2944,writable_config,0x00000000,0x00000000,1
27,LTM_STATS,mode_cfg,0x2948,writable_config,0x00000000,0x00000000,1
27,LTM_STATS,stats_ctrl,0x294c,writable_config,0x00000000,0x00000000,1
27,LTM_STATS,ctrl_2,0x2950,writable_config,0x00000000,0x00000000,1
27,LTM_STATS,lossy_thresh0,0x2954,writable_config,0x00000000,0x00000000,1
27,LTM_STATS,lossy_thresh1,0x2958,writable_config,0x00000000,0x00000000,1
27,LTM_STATS,lossy_var_offset,0x295c,writable_config,0x00000000,0x00000000,1
27,LTM_STATS,mmu_prefetch_cfg,0x2960,writable_config,0x00000000,0x00000000,1
27,LTM_STATS,mmu_prefetch_max_offset,0x2964,writable_config,0x00000000,0x00000000,1
27,LTM_STATS,system_cache_cfg,0x2968,writable_config,0x00000000,0x00000000,1
27,LTM_STATS,addr_status0,0x2970,status_readback,0x00000000,0x00000000,1
27,LTM_STATS,addr_status1,0x2974,status_readback,0x00000000,0x00000000,1
27,LTM_STATS,addr_status2,0x2978,status_readback,0x00000000,0x00000000,1
27,LTM_STATS,addr_status3,0x297c,status_readback,0x00000000,0x00000000,1
27,LTM_STATS,debug_status_cfg,0x2980,writable_debug_config,0x00000000,0x00000000,1
27,LTM_STATS,debug_status0,0x2984,status_readback,0x00000000,0x00000000,1
27,LTM_STATS,debug_status1,0x2988,status_readback,0x00000000,0x00000000,1
